-- users
INSERT INTO USERX (ENABLED,FIRST_NAME,LAST_NAME,PASSWORD,USERNAME,EMAIL,CREATE_USER_USERNAME,CREATE_DATE)VALUES(TRUE,'Admin','Istrator','$2a$10$TfySssuPsjcaILwgdB403O2lOCXTS8m1pLy6sONcXDS9xXmkD8dx6','admin','admin@memori.com','admin','2016-01-01 00:00:00')
INSERT INTO USERX_USERX_ROLE (USERX_USERNAME, ROLES)VALUES ('admin', 'ADMIN')
INSERT INTO USERX_USERX_ROLE (USERX_USERNAME, ROLES)VALUES ('admin', 'USER')
INSERT INTO USERX (ENABLED,FIRST_NAME,LAST_NAME,PASSWORD,USERNAME,EMAIL,CREATE_USER_USERNAME,CREATE_DATE)VALUES(TRUE,'Susi','Kaufgern','$2a$10$TfySssuPsjcaILwgdB403O2lOCXTS8m1pLy6sONcXDS9xXmkD8dx6','user1','susi.kaufgern@memori.com','admin','2016-01-01 00:00:00')
INSERT INTO USERX_USERX_ROLE (USERX_USERNAME, ROLES)VALUES ('user1', 'USER')
INSERT INTO USERX (ENABLED,FIRST_NAME,LAST_NAME,PASSWORD,USERNAME,EMAIL,CREATE_USER_USERNAME,CREATE_DATE)VALUES(TRUE,'Max','Mustermann','$2a$10$TfySssuPsjcaILwgdB403O2lOCXTS8m1pLy6sONcXDS9xXmkD8dx6','user2','max.mustermann@memori.com','admin','2016-01-01 00:00:00')
INSERT INTO USERX_USERX_ROLE (USERX_USERNAME, ROLES)VALUES ('user2', 'USER')
INSERT INTO USERX (ENABLED,FIRST_NAME,LAST_NAME,PASSWORD,USERNAME,EMAIL,CREATE_USER_USERNAME,CREATE_DATE)VALUES(TRUE,'Elvis','The King','$2a$10$TfySssuPsjcaILwgdB403O2lOCXTS8m1pLy6sONcXDS9xXmkD8dx6','elvis','elvis@memori.com','elvis','2016-01-01 00:00:00')
INSERT INTO USERX_USERX_ROLE (USERX_USERNAME, ROLES)VALUES ('elvis', 'ADMIN')
INSERT INTO USERX (ENABLED, FIRST_NAME, LAST_NAME, PASSWORD, USERNAME, EMAIL, CREATE_USER_USERNAME, CREATE_DATE) VALUES (TRUE, 'Sophia', 'Anderson', '$2a$10$TfySssuPsjcaILwgdB403O2lOCXTS8m1pLy6sONcXDS9xXmkD8dx6', 'sophia_anderson', 'sophia@example.com', 'admin', '2024-04-10 09:00:00')
INSERT INTO USERX_USERX_ROLE (USERX_USERNAME, ROLES) VALUES ('sophia_anderson', 'ADMIN')
INSERT INTO USERX (ENABLED, FIRST_NAME, LAST_NAME, PASSWORD, USERNAME, EMAIL, CREATE_USER_USERNAME, CREATE_DATE) VALUES (FALSE, 'Matthew', 'Clark', '$2a$10$TfySssuPsjcaILwgdB403O2lOCXTS8m1pLy6sONcXDS9xXmkD8dx6', 'matthew_clark', 'matthew@example.com', 'admin', '2024-05-15 10:30:00')
INSERT INTO USERX_USERX_ROLE (USERX_USERNAME, ROLES) VALUES ('matthew_clark', 'USER')
INSERT INTO USERX (ENABLED, FIRST_NAME, LAST_NAME, PASSWORD, USERNAME, EMAIL, CREATE_USER_USERNAME, CREATE_DATE) VALUES (TRUE, 'Emma', 'Walker', '$2a$10$TfySssuPsjcaILwgdB403O2lOCXTS8m1pLy6sONcXDS9xXmkD8dx6', 'emma_walker', 'emma@example.com', 'admin', '2024-06-20 11:45:00')
INSERT INTO USERX_USERX_ROLE (USERX_USERNAME, ROLES) VALUES ('emma_walker', 'USER')
INSERT INTO USERX (ENABLED, FIRST_NAME, LAST_NAME, PASSWORD, USERNAME, EMAIL, CREATE_USER_USERNAME, CREATE_DATE) VALUES (FALSE, 'Ethan', 'Allen', '$2a$10$TfySssuPsjcaILwgdB403O2lOCXTS8m1pLy6sONcXDS9xXmkD8dx6', 'ethan_allen', 'ethan@example.com', 'admin', '2024-07-25 12:00:00')
INSERT INTO USERX_USERX_ROLE (USERX_USERNAME, ROLES) VALUES ('ethan_allen', 'ADMIN')
INSERT INTO USERX (ENABLED, FIRST_NAME, LAST_NAME, PASSWORD, USERNAME, EMAIL, CREATE_USER_USERNAME, CREATE_DATE) VALUES (TRUE, 'Isabella', 'Young', '$2a$10$TfySssuPsjcaILwgdB403O2lOCXTS8m1pLy6sONcXDS9xXmkD8dx6', 'isabella_young', 'isabella@example.com', 'admin', '2024-08-30 13:15:00')
INSERT INTO USERX_USERX_ROLE (USERX_USERNAME, ROLES) VALUES ('isabella_young', 'USER')
INSERT INTO USERX (ENABLED, FIRST_NAME, LAST_NAME, PASSWORD, USERNAME, EMAIL, CREATE_USER_USERNAME, CREATE_DATE) VALUES (TRUE, 'Michael', 'Brown', '$2a$10$TfySssuPsjcaILwgdB403O2lOCXTS8m1pLy6sONcXDS9xXmkD8dx6', 'michael_brown_1', 'michael@example.com', 'admin', '2023-11-15 10:00:00')
INSERT INTO USERX_USERX_ROLE (USERX_USERNAME, ROLES) VALUES ('michael_brown_1', 'ADMIN')
INSERT INTO USERX (ENABLED, FIRST_NAME, LAST_NAME, PASSWORD, USERNAME, EMAIL, CREATE_USER_USERNAME, CREATE_DATE) VALUES (FALSE, 'Emily', 'Davis', '$2a$10$TfySssuPsjcaILwgdB403O2lOCXTS8m1pLy6sONcXDS9xXmkD8dx6', 'emily_davis_2', 'emily@example.com', 'admin', '2023-12-20 11:30:00')
INSERT INTO USERX_USERX_ROLE (USERX_USERNAME, ROLES) VALUES ('emily_davis_2', 'USER')
INSERT INTO USERX (ENABLED, FIRST_NAME, LAST_NAME, PASSWORD, USERNAME, EMAIL, CREATE_USER_USERNAME, CREATE_DATE) VALUES (TRUE, 'William', 'Martinez', '$2a$10$TfySssuPsjcaILwgdB403O2lOCXTS8m1pLy6sONcXDS9xXmkD8dx6', 'william_martinez_3', 'william@example.com', 'admin', '2024-01-25 13:45:00')
INSERT INTO USERX_USERX_ROLE (USERX_USERNAME, ROLES) VALUES ('william_martinez_3', 'ADMIN')
INSERT INTO USERX (ENABLED, FIRST_NAME, LAST_NAME, PASSWORD, USERNAME, EMAIL, CREATE_USER_USERNAME, CREATE_DATE) VALUES (FALSE, 'Olivia', 'Garcia', '$2a$10$TfySssuPsjcaILwgdB403O2lOCXTS8m1pLy6sONcXDS9xXmkD8dx6', 'olivia_garcia_4', 'olivia@example.com', 'admin', '2024-02-10 15:00:00')
INSERT INTO USERX_USERX_ROLE (USERX_USERNAME, ROLES) VALUES ('olivia_garcia_4', 'USER')
INSERT INTO USERX (ENABLED, FIRST_NAME, LAST_NAME, PASSWORD, USERNAME, EMAIL, CREATE_USER_USERNAME, CREATE_DATE) VALUES (TRUE, 'James', 'Rodriguez', '$2a$10$TfySssuPsjcaILwgdB403O2lOCXTS8m1pLy6sONcXDS9xXmkD8dx6', 'james_rodriguez_5', 'james@example.com', 'admin', '2024-03-05 16:15:00')
INSERT INTO USERX_USERX_ROLE (USERX_USERNAME, ROLES) VALUES ('james_rodriguez_5', 'ADMIN')

-- rooms (28)
INSERT INTO ROOM (ID,CAPACITY,COMPUTERS_AVAILABLE, CREATED_AT, UPDATED_AT)VALUES('HS A', 450, FALSE, '2024-04-20 12:00:00', '2024-04-20 12:00:00')
INSERT INTO ROOM (ID,CAPACITY,COMPUTERS_AVAILABLE, CREATED_AT, UPDATED_AT)VALUES('HS B', 300, FALSE, '2024-04-20 12:00:00', '2024-04-20 12:00:00')
INSERT INTO ROOM (ID,CAPACITY,COMPUTERS_AVAILABLE, CREATED_AT, UPDATED_AT)VALUES('HS C', 300, FALSE, '2024-04-20 12:00:00', '2024-04-20 12:00:00')
INSERT INTO ROOM (ID,CAPACITY,COMPUTERS_AVAILABLE, CREATED_AT, UPDATED_AT)VALUES('HS D', 150, FALSE, '2024-04-20 12:00:00', '2024-04-20 12:00:00')
INSERT INTO ROOM (ID,CAPACITY,COMPUTERS_AVAILABLE, CREATED_AT, UPDATED_AT)VALUES('HS E', 150, FALSE, '2024-04-20 12:00:00', '2024-04-20 12:00:00')
INSERT INTO ROOM (ID,CAPACITY,COMPUTERS_AVAILABLE, CREATED_AT, UPDATED_AT)VALUES('HS F', 100, FALSE, '2024-04-20 12:00:00', '2024-04-20 12:00:00')
INSERT INTO ROOM (ID,CAPACITY,COMPUTERS_AVAILABLE, CREATED_AT, UPDATED_AT)VALUES('HS G', 50, FALSE, '2024-04-20 12:00:00', '2024-04-20 12:00:00')
INSERT INTO ROOM (ID,CAPACITY,COMPUTERS_AVAILABLE, CREATED_AT, UPDATED_AT)VALUES('Rechnerraum 20', 30, TRUE, '2024-04-20 12:00:00', '2024-04-20 12:00:00')
INSERT INTO ROOM (ID,CAPACITY,COMPUTERS_AVAILABLE, CREATED_AT, UPDATED_AT)VALUES('Rechnerraum 21', 30, TRUE, '2024-04-20 12:00:00', '2024-04-20 12:00:00')
INSERT INTO ROOM (ID,CAPACITY,COMPUTERS_AVAILABLE, CREATED_AT, UPDATED_AT)VALUES('Rechnerraum 22', 30, TRUE, '2024-04-20 12:00:00', '2024-04-20 12:00:00')
INSERT INTO ROOM (ID,CAPACITY,COMPUTERS_AVAILABLE, CREATED_AT, UPDATED_AT)VALUES('Rechnerraum 23', 30, TRUE, '2024-04-20 12:00:00', '2024-04-20 12:00:00')
INSERT INTO ROOM (ID,CAPACITY,COMPUTERS_AVAILABLE, CREATED_AT, UPDATED_AT)VALUES('Rechnerraum 24', 30, TRUE, '2024-04-20 12:00:00', '2024-04-20 12:00:00')
INSERT INTO ROOM (ID,CAPACITY,COMPUTERS_AVAILABLE, CREATED_AT, UPDATED_AT)VALUES('Rechnerraum 25', 30, TRUE, '2024-04-20 12:00:00', '2024-04-20 12:00:00')
INSERT INTO ROOM (ID,CAPACITY,COMPUTERS_AVAILABLE, CREATED_AT, UPDATED_AT)VALUES('Rechnerraum 26', 30, TRUE, '2024-04-20 12:00:00', '2024-04-20 12:00:00')
INSERT INTO ROOM (ID,CAPACITY,COMPUTERS_AVAILABLE, CREATED_AT, UPDATED_AT)VALUES('Rechnerraum 27', 30, TRUE, '2024-04-20 12:00:00', '2024-04-20 12:00:00')
INSERT INTO ROOM (ID,CAPACITY,COMPUTERS_AVAILABLE, CREATED_AT, UPDATED_AT)VALUES('Rechnerraum 28', 30, TRUE, '2024-04-20 12:00:00', '2024-04-20 12:00:00')
INSERT INTO ROOM (ID,CAPACITY,COMPUTERS_AVAILABLE, CREATED_AT, UPDATED_AT)VALUES('HSB 1', 50, FALSE, '2024-04-20 12:00:00', '2024-04-20 12:00:00')
INSERT INTO ROOM (ID,CAPACITY,COMPUTERS_AVAILABLE, CREATED_AT, UPDATED_AT)VALUES('HSB 2', 50, FALSE, '2024-04-20 12:00:00', '2024-04-20 12:00:00')
INSERT INTO ROOM (ID,CAPACITY,COMPUTERS_AVAILABLE, CREATED_AT, UPDATED_AT)VALUES('HSB 4', 50, FALSE, '2024-04-20 12:00:00', '2024-04-20 12:00:00')
INSERT INTO ROOM (ID,CAPACITY,COMPUTERS_AVAILABLE, CREATED_AT, UPDATED_AT)VALUES('HSB 6', 50, FALSE, '2024-04-20 12:00:00', '2024-04-20 12:00:00')
INSERT INTO ROOM (ID,CAPACITY,COMPUTERS_AVAILABLE, CREATED_AT, UPDATED_AT)VALUES('HSB 7', 50, FALSE, '2024-04-20 12:00:00', '2024-04-20 12:00:00')
INSERT INTO ROOM (ID,CAPACITY,COMPUTERS_AVAILABLE, CREATED_AT, UPDATED_AT)VALUES('HSB 8', 50, FALSE, '2024-04-20 12:00:00', '2024-04-20 12:00:00')
INSERT INTO ROOM (ID,CAPACITY,COMPUTERS_AVAILABLE, CREATED_AT, UPDATED_AT)VALUES('HSB 9', 50, FALSE, '2024-04-20 12:00:00', '2024-04-20 12:00:00')
INSERT INTO ROOM (ID,CAPACITY,COMPUTERS_AVAILABLE, CREATED_AT, UPDATED_AT)VALUES('HSB 10', 30, FALSE, '2024-04-20 12:00:00', '2024-04-20 12:00:00')
INSERT INTO ROOM (ID,CAPACITY,COMPUTERS_AVAILABLE, CREATED_AT, UPDATED_AT)VALUES('HSB 11', 30, FALSE, '2024-04-20 12:00:00', '2024-04-20 12:00:00')
INSERT INTO ROOM (ID,CAPACITY,COMPUTERS_AVAILABLE, CREATED_AT, UPDATED_AT)VALUES('GROSSER HOERSAAL', 30, FALSE, '2024-04-20 12:00:00', '2024-04-20 12:00:00')
INSERT INTO ROOM (ID,CAPACITY,COMPUTERS_AVAILABLE, CREATED_AT, UPDATED_AT)VALUES('SR 12', 30, FALSE, '2024-04-20 12:00:00', '2024-04-20 12:00:00')
INSERT INTO ROOM (ID,CAPACITY,COMPUTERS_AVAILABLE, CREATED_AT, UPDATED_AT)VALUES('SR 13', 30, FALSE, '2024-04-20 12:00:00', '2024-04-20 12:00:00')

-- timeTables
INSERT INTO TIME_TABLE(ID, SEMESTER, ACADEMIC_YEAR, CREATED_AT, UPDATED_AT) VALUES (-1, 0, 2023, '2024-04-20 12:00:00', '2024-04-20 12:00:00')
INSERT INTO TIME_TABLE(ID, SEMESTER, ACADEMIC_YEAR, CREATED_AT, UPDATED_AT) VALUES (-2, 1, 2023, '2024-04-20 12:00:00', '2024-05-24 08:00:00')

-- roomTables of timeTable1
INSERT INTO ROOM_TABLE(ID, ROOM_ID, TIME_TABLE_ID) VALUES (-1, 'HS A', -1)
INSERT INTO ROOM_TABLE(ID, ROOM_ID, TIME_TABLE_ID) VALUES (-2, 'HS B', -1)
INSERT INTO ROOM_TABLE(ID, ROOM_ID, TIME_TABLE_ID) VALUES (-3, 'HS C', -1)
INSERT INTO ROOM_TABLE(ID, ROOM_ID, TIME_TABLE_ID) VALUES (-4, 'Rechnerraum 20', -1)
INSERT INTO ROOM_TABLE(ID, ROOM_ID, TIME_TABLE_ID) VALUES (-5, 'Rechnerraum 21', -1)

-- roomTables of timeTable2
INSERT INTO ROOM_TABLE(ID, ROOM_ID, TIME_TABLE_ID) VALUES (-6, 'HS A', -2)
INSERT INTO ROOM_TABLE(ID, ROOM_ID, TIME_TABLE_ID) VALUES (-7, 'HS B', -2)
INSERT INTO ROOM_TABLE(ID, ROOM_ID, TIME_TABLE_ID) VALUES (-8, 'HS C', -2)
INSERT INTO ROOM_TABLE(ID, ROOM_ID, TIME_TABLE_ID) VALUES (-9, 'HS D', -2)
INSERT INTO ROOM_TABLE(ID, ROOM_ID, TIME_TABLE_ID) VALUES (-10, 'HS E', -2)
INSERT INTO ROOM_TABLE(ID, ROOM_ID, TIME_TABLE_ID) VALUES (-11, 'HS F', -2)
INSERT INTO ROOM_TABLE(ID, ROOM_ID, TIME_TABLE_ID) VALUES (-12, 'HS G', -2)
INSERT INTO ROOM_TABLE(ID, ROOM_ID, TIME_TABLE_ID) VALUES (-13, 'Rechnerraum 20', -2)
INSERT INTO ROOM_TABLE(ID, ROOM_ID, TIME_TABLE_ID) VALUES (-14, 'Rechnerraum 21', -2)
INSERT INTO ROOM_TABLE(ID, ROOM_ID, TIME_TABLE_ID) VALUES (-15, 'Rechnerraum 22', -2)
INSERT INTO ROOM_TABLE(ID, ROOM_ID, TIME_TABLE_ID) VALUES (-16, 'Rechnerraum 23', -2)
INSERT INTO ROOM_TABLE(ID, ROOM_ID, TIME_TABLE_ID) VALUES (-17, 'Rechnerraum 24', -2)
INSERT INTO ROOM_TABLE(ID, ROOM_ID, TIME_TABLE_ID) VALUES (-18, 'Rechnerraum 25', -2)
INSERT INTO ROOM_TABLE(ID, ROOM_ID, TIME_TABLE_ID) VALUES (-19, 'Rechnerraum 26', -2)
INSERT INTO ROOM_TABLE(ID, ROOM_ID, TIME_TABLE_ID) VALUES (-20, 'Rechnerraum 27', -2)
INSERT INTO ROOM_TABLE(ID, ROOM_ID, TIME_TABLE_ID) VALUES (-21, 'Rechnerraum 28', -2)
INSERT INTO ROOM_TABLE(ID, ROOM_ID, TIME_TABLE_ID) VALUES (-22, 'HSB 1', -2)
INSERT INTO ROOM_TABLE(ID, ROOM_ID, TIME_TABLE_ID) VALUES (-23, 'HSB 2', -2)
INSERT INTO ROOM_TABLE(ID, ROOM_ID, TIME_TABLE_ID) VALUES (-24, 'HSB 4', -2)
INSERT INTO ROOM_TABLE(ID, ROOM_ID, TIME_TABLE_ID) VALUES (-25, 'HSB 6', -2)
INSERT INTO ROOM_TABLE(ID, ROOM_ID, TIME_TABLE_ID) VALUES (-26, 'HSB 7', -2)
INSERT INTO ROOM_TABLE(ID, ROOM_ID, TIME_TABLE_ID) VALUES (-27, 'HSB 8', -2)
INSERT INTO ROOM_TABLE(ID, ROOM_ID, TIME_TABLE_ID) VALUES (-28, 'HSB 9', -2)
INSERT INTO ROOM_TABLE(ID, ROOM_ID, TIME_TABLE_ID) VALUES (-29, 'HSB 10', -2)
INSERT INTO ROOM_TABLE(ID, ROOM_ID, TIME_TABLE_ID) VALUES (-30, 'HSB 11', -2)
INSERT INTO ROOM_TABLE(ID, ROOM_ID, TIME_TABLE_ID) VALUES (-31, 'GROSSER HOERSAAL', -2)
INSERT INTO ROOM_TABLE(ID, ROOM_ID, TIME_TABLE_ID) VALUES (-32, 'SR 12', -2)
INSERT INTO ROOM_TABLE(ID, ROOM_ID, TIME_TABLE_ID) VALUES (-33, 'SR 13', -2)

-- courses (56)
INSERT INTO COURSE (ID, NAME, COURSE_TYPE, LECTURER, SEMESTER, DURATION, NUMBER_OF_PARTICIPANTS, COMPUTERS_NECESSARY, CREATED_AT, UPDATED_AT)VALUES('703003', 'Einführung in die Programmierung', 0, 'Michael Felderer', 1, 180, 300, FALSE, '2024-04-20 12:00:01', '2024-04-20 12:00:01')
INSERT INTO COURSE (ID, NAME, COURSE_TYPE, LECTURER, SEMESTER, DURATION, NUMBER_OF_PARTICIPANTS, COMPUTERS_NECESSARY, CREATED_AT, UPDATED_AT)VALUES('703004', 'Einführung in die Programmierung', 2, 'Lukas Kaltenbrunner', 1, 90, 25, TRUE, '2024-04-20 12:00:00', '2024-04-20 12:00:00')
INSERT INTO COURSE (ID, NAME, COURSE_TYPE, LECTURER, SEMESTER, DURATION, NUMBER_OF_PARTICIPANTS, COMPUTERS_NECESSARY, CREATED_AT, UPDATED_AT)VALUES('703025', 'Funktionale Programmierung', 2, 'Rene Thiemann', 1, 45, 25, TRUE, '2024-04-20 12:00:00', '2024-04-20 12:00:00')
INSERT INTO COURSE (ID, NAME, COURSE_TYPE, LECTURER, SEMESTER, DURATION, NUMBER_OF_PARTICIPANTS, COMPUTERS_NECESSARY, CREATED_AT, UPDATED_AT)VALUES('703024', 'Funktionale Programmierung', 0, 'Rene Thiemann', 1, 120, 300, FALSE, '2024-04-20 12:00:00', '2024-04-20 12:00:00')
INSERT INTO COURSE (ID, NAME, COURSE_TYPE, LECTURER, SEMESTER, DURATION, NUMBER_OF_PARTICIPANTS, COMPUTERS_NECESSARY, CREATED_AT, UPDATED_AT)VALUES('703063', 'Rechnerarchitektur', 2, 'Rainer Böhme', 1, 45, 25, FALSE, '2024-04-20 12:00:00', '2024-04-20 12:00:00')
INSERT INTO COURSE (ID, NAME, COURSE_TYPE, LECTURER, SEMESTER, DURATION, NUMBER_OF_PARTICIPANTS, COMPUTERS_NECESSARY, CREATED_AT, UPDATED_AT)VALUES('703064', 'Rechnerarchitektur', 0, 'Rainer Böhme', 1, 120, 300, FALSE, '2024-04-20 12:00:00', '2024-04-20 12:00:00')
INSERT INTO COURSE (ID, NAME, COURSE_TYPE, LECTURER, SEMESTER, DURATION, NUMBER_OF_PARTICIPANTS, COMPUTERS_NECESSARY, CREATED_AT, UPDATED_AT)VALUES('703062', 'Einführung in die theoretische Informatik', 4, 'Jamie Hochrainer', 1, 45, 25, FALSE, '2024-04-20 12:00:00', '2024-04-20 12:00:00')
INSERT INTO COURSE (ID, NAME, COURSE_TYPE, LECTURER, SEMESTER, DURATION, NUMBER_OF_PARTICIPANTS, COMPUTERS_NECESSARY, CREATED_AT, UPDATED_AT)VALUES('703007', 'Einführung in die theoretische Informatik', 0, 'Georg Moser', 1, 120, 300, FALSE, '2024-04-20 12:00:00', '2024-04-20 12:00:00')
INSERT INTO COURSE (ID, NAME, COURSE_TYPE, LECTURER, SEMESTER, DURATION, NUMBER_OF_PARTICIPANTS, COMPUTERS_NECESSARY, CREATED_AT, UPDATED_AT)VALUES('703098', 'Lineare Algebra', 2, 'Tim Netzer', 1, 45, 25, FALSE, '2024-04-20 12:00:00', '2024-04-20 12:00:00')
INSERT INTO COURSE (ID, NAME, COURSE_TYPE, LECTURER, SEMESTER, DURATION, NUMBER_OF_PARTICIPANTS, COMPUTERS_NECESSARY, CREATED_AT, UPDATED_AT)VALUES('703099', 'Lineare Algebra', 0, 'Tim Netzer', 1, 120, 300, FALSE, '2024-04-20 12:00:00', '2024-04-20 12:00:00')

INSERT INTO COURSE (ID, NAME, COURSE_TYPE, LECTURER, SEMESTER, DURATION, NUMBER_OF_PARTICIPANTS, COMPUTERS_NECESSARY, CREATED_AT, UPDATED_AT)VALUES('703016', 'Programmiermethodik', 2, 'Simon Priller', 2, 90, 25, TRUE, '2024-04-20 12:00:00', '2024-04-20 12:00:00')
INSERT INTO COURSE (ID, NAME, COURSE_TYPE, LECTURER, SEMESTER, DURATION, NUMBER_OF_PARTICIPANTS, COMPUTERS_NECESSARY, CREATED_AT, UPDATED_AT)VALUES('703017', 'Programmiermethodik', 0, 'Lukas Kaltenbrunner', 2, 180, 300, FALSE, '2024-04-20 12:00:00', '2024-04-20 12:00:00')
INSERT INTO COURSE (ID, NAME, COURSE_TYPE, LECTURER, SEMESTER, DURATION, NUMBER_OF_PARTICIPANTS, COMPUTERS_NECESSARY, CREATED_AT, UPDATED_AT)VALUES('703066', 'Angewandte Mathematik für die Informatik', 2, 'Niko Rauch', 2, 90, 25, FALSE, '2024-04-20 12:00:00', '2024-04-20 12:00:00')
INSERT INTO COURSE (ID, NAME, COURSE_TYPE, LECTURER, SEMESTER, DURATION, NUMBER_OF_PARTICIPANTS, COMPUTERS_NECESSARY, CREATED_AT, UPDATED_AT)VALUES('703065', 'Angewandte Mathematik für die Informatik', 0, 'Michael Harders', 2, 180, 300, FALSE, '2024-04-20 12:00:00', '2024-04-20 12:00:00')
INSERT INTO COURSE (ID, NAME, COURSE_TYPE, LECTURER, SEMESTER, DURATION, NUMBER_OF_PARTICIPANTS, COMPUTERS_NECESSARY, CREATED_AT, UPDATED_AT)VALUES('703011', 'Algorithmen und Datenstrukturen', 2, 'Laurenz Wischounig', 2, 90, 25, FALSE, '2024-04-20 12:00:00', '2024-04-20 12:00:00')
INSERT INTO COURSE (ID, NAME, COURSE_TYPE, LECTURER, SEMESTER, DURATION, NUMBER_OF_PARTICIPANTS, COMPUTERS_NECESSARY, CREATED_AT, UPDATED_AT)VALUES('703010', 'Algorithmen und Datenstrukturen', 0, 'Justus Piater', 2, 180, 300, FALSE, '2024-04-20 12:00:00', '2024-04-20 12:00:00')
INSERT INTO COURSE (ID, NAME, COURSE_TYPE, LECTURER, SEMESTER, DURATION, NUMBER_OF_PARTICIPANTS, COMPUTERS_NECESSARY, CREATED_AT, UPDATED_AT)VALUES('703012', 'Betriebssysteme', 2, 'Markus Reiter', 2, 90, 25, TRUE, '2024-04-20 12:00:00', '2024-04-20 12:00:00')
INSERT INTO COURSE (ID, NAME, COURSE_TYPE, LECTURER, SEMESTER, DURATION, NUMBER_OF_PARTICIPANTS, COMPUTERS_NECESSARY, CREATED_AT, UPDATED_AT)VALUES('703013', 'Betriebssysteme', 0, 'Univ.-Prof. Dipl.-Ing. Dr. Thomas Fahringer', 2, 180, 300, FALSE, '2024-04-20 12:00:00', '2024-04-20 12:00:00')

INSERT INTO COURSE (ID, NAME, COURSE_TYPE, LECTURER, SEMESTER, DURATION, NUMBER_OF_PARTICIPANTS, COMPUTERS_NECESSARY, CREATED_AT, UPDATED_AT)VALUES('703020', 'Datenbanksysteme', 0, 'Günther Specht', 3, 180, 150, FALSE, '2024-04-20 12:00:00', '2024-04-20 12:00:00')
INSERT INTO COURSE (ID, NAME, COURSE_TYPE, LECTURER, SEMESTER, DURATION, NUMBER_OF_PARTICIPANTS, COMPUTERS_NECESSARY, CREATED_AT, UPDATED_AT)VALUES('703021', 'Datenbanksysteme', 2, 'David Stern', 3, 90, 25, TRUE, '2024-04-20 12:00:00', '2024-04-20 12:00:00')
INSERT INTO COURSE (ID, NAME, COURSE_TYPE, LECTURER, SEMESTER, DURATION, NUMBER_OF_PARTICIPANTS, COMPUTERS_NECESSARY, CREATED_AT, UPDATED_AT)VALUES('703033', 'Rechnernetze und Internettechnik', 0, 'Jan Beutel', 3, 180, 150, FALSE, '2024-04-20 12:00:00', '2024-04-20 12:00:00')
INSERT INTO COURSE (ID, NAME, COURSE_TYPE, LECTURER, SEMESTER, DURATION, NUMBER_OF_PARTICIPANTS, COMPUTERS_NECESSARY, CREATED_AT, UPDATED_AT)VALUES('703034', 'Rechnernetze und Internettechnik', 2, 'Niko Rossberg', 3, 90, 25, TRUE, '2024-04-20 12:00:00', '2024-04-20 12:00:00')
INSERT INTO COURSE (ID, NAME, COURSE_TYPE, LECTURER, SEMESTER, DURATION, NUMBER_OF_PARTICIPANTS, COMPUTERS_NECESSARY, CREATED_AT, UPDATED_AT)VALUES('703067', 'Daten und Wahrscheinlichkeiten', 0, 'Adam Jatowt', 3, 120, 150, FALSE, '2024-04-20 12:00:00', '2024-04-20 12:00:00')
INSERT INTO COURSE (ID, NAME, COURSE_TYPE, LECTURER, SEMESTER, DURATION, NUMBER_OF_PARTICIPANTS, COMPUTERS_NECESSARY, CREATED_AT, UPDATED_AT)VALUES('703068', 'Daten und Wahrscheinlichkeiten', 2, 'Nadja Gruber', 3, 45, 25, TRUE, '2024-04-20 12:00:00', '2024-04-20 12:00:00')
INSERT INTO COURSE (ID, NAME, COURSE_TYPE, LECTURER, SEMESTER, DURATION, NUMBER_OF_PARTICIPANTS, COMPUTERS_NECESSARY, CREATED_AT, UPDATED_AT)VALUES('703069', 'Diskrete Strukturen', 0, 'Markus Eberl', 3, 120, 150, FALSE, '2024-04-20 12:00:00', '2024-04-20 12:00:00')
INSERT INTO COURSE (ID, NAME, COURSE_TYPE, LECTURER, SEMESTER, DURATION, NUMBER_OF_PARTICIPANTS, COMPUTERS_NECESSARY, CREATED_AT, UPDATED_AT)VALUES('703070', 'Diskrete Strukturen', 2, 'Charlie Sheen', 3, 45, 25, FALSE, '2024-04-20 12:00:00', '2024-04-20 12:00:00')
INSERT INTO COURSE (ID, NAME, COURSE_TYPE, LECTURER, SEMESTER, DURATION, NUMBER_OF_PARTICIPANTS, COMPUTERS_NECESSARY, CREATED_AT, UPDATED_AT)VALUES('703071', 'Softwarearchitektur', 0, 'Clemens Sauerwein', 3, 180, 150, FALSE, '2024-04-20 12:00:00', '2024-04-20 12:00:00')
INSERT INTO COURSE (ID, NAME, COURSE_TYPE, LECTURER, SEMESTER, DURATION, NUMBER_OF_PARTICIPANTS, COMPUTERS_NECESSARY, CREATED_AT, UPDATED_AT)VALUES('703072', 'Softwarearchitektur', 2, 'Michael Breu', 3, 90, 25, TRUE, '2024-04-20 12:00:00', '2024-04-20 12:00:00')

INSERT INTO COURSE (ID, NAME, COURSE_TYPE, LECTURER, SEMESTER, DURATION, NUMBER_OF_PARTICIPANTS, COMPUTERS_NECESSARY, CREATED_AT, UPDATED_AT)VALUES('703026', 'Logik', 0, 'Aart Middeldorp', 4, 180, 150, FALSE, '2024-04-20 12:00:00', '2024-04-20 12:00:00')
INSERT INTO COURSE (ID, NAME, COURSE_TYPE, LECTURER, SEMESTER, DURATION, NUMBER_OF_PARTICIPANTS, COMPUTERS_NECESSARY, CREATED_AT, UPDATED_AT)VALUES('703027', 'Logik', 2, 'Fabian Mitterwallner', 4, 90, 25, FALSE, '2024-04-20 12:00:00', '2024-04-20 12:00:00')
INSERT INTO COURSE (ID, NAME, COURSE_TYPE, LECTURER, SEMESTER, DURATION, NUMBER_OF_PARTICIPANTS, COMPUTERS_NECESSARY, CREATED_AT, UPDATED_AT)VALUES('703075', 'Maschinelles Lernen', 0, 'Samuelle Tosatto', 4, 180, 150, FALSE, '2024-04-20 12:00:00', '2024-04-20 12:00:00')
INSERT INTO COURSE (ID, NAME, COURSE_TYPE, LECTURER, SEMESTER, DURATION, NUMBER_OF_PARTICIPANTS, COMPUTERS_NECESSARY, CREATED_AT, UPDATED_AT)VALUES('703076', 'Maschinelles Lernen', 2, 'Sayantan Auddy', 4, 90, 25, TRUE, '2024-04-20 12:00:00', '2024-04-20 12:00:00')
INSERT INTO COURSE (ID, NAME, COURSE_TYPE, LECTURER, SEMESTER, DURATION, NUMBER_OF_PARTICIPANTS, COMPUTERS_NECESSARY, CREATED_AT, UPDATED_AT)VALUES('703077', 'Parallele Programmierung', 0, 'Thomas Fahringer', 4, 120, 150, FALSE, '2024-04-20 12:00:00', '2024-04-20 12:00:00')
INSERT INTO COURSE (ID, NAME, COURSE_TYPE, LECTURER, SEMESTER, DURATION, NUMBER_OF_PARTICIPANTS, COMPUTERS_NECESSARY, CREATED_AT, UPDATED_AT)VALUES('703078', 'Parallele Programmierung', 2, 'Simon Lechner', 4, 45, 25, TRUE, '2024-04-20 12:00:00', '2024-04-20 12:00:00')
INSERT INTO COURSE (ID, NAME, COURSE_TYPE, LECTURER, SEMESTER, DURATION, NUMBER_OF_PARTICIPANTS, COMPUTERS_NECESSARY, CREATED_AT, UPDATED_AT)VALUES('703079', 'Software Engineering', 0, 'Ruth Breu', 4, 120, 150, FALSE, '2024-04-20 12:00:00', '2024-04-20 12:00:00')
INSERT INTO COURSE (ID, NAME, COURSE_TYPE, LECTURER, SEMESTER, DURATION, NUMBER_OF_PARTICIPANTS, COMPUTERS_NECESSARY, CREATED_AT, UPDATED_AT)VALUES('703080', 'Software Engineering', 2, 'Anna Jäger', 4, 90, 25, TRUE, '2024-04-20 12:00:00', '2024-04-20 12:00:00')
INSERT INTO COURSE (ID, NAME, COURSE_TYPE, LECTURER, SEMESTER, DURATION, NUMBER_OF_PARTICIPANTS, COMPUTERS_NECESSARY, CREATED_AT, UPDATED_AT)VALUES('703073', 'Einführung in das wissenschaftliche Arbeiten', 1, 'Thomas Fahringer', 4, 90, 25, TRUE, '2024-04-20 12:00:00', '2024-04-20 12:00:00')

INSERT INTO COURSE (ID, NAME, COURSE_TYPE, LECTURER, SEMESTER, DURATION, NUMBER_OF_PARTICIPANTS, COMPUTERS_NECESSARY, CREATED_AT, UPDATED_AT)VALUES('703087', 'Verteilte Systeme', 0, 'Juan Aznar Poveda', 5, 180, 150, FALSE, '2024-04-20 12:00:00', '2024-04-20 12:00:00')
INSERT INTO COURSE (ID, NAME, COURSE_TYPE, LECTURER, SEMESTER, DURATION, NUMBER_OF_PARTICIPANTS, COMPUTERS_NECESSARY, CREATED_AT, UPDATED_AT)VALUES('703088', 'Verteilte Systeme', 2, 'Juan Aznar Poveda', 5, 90, 25, TRUE, '2024-04-20 12:00:00', '2024-04-20 12:00:00')
INSERT INTO COURSE (ID, NAME, COURSE_TYPE, LECTURER, SEMESTER, DURATION, NUMBER_OF_PARTICIPANTS, COMPUTERS_NECESSARY, CREATED_AT, UPDATED_AT)VALUES('703089', 'Visual Computing', 0, 'Michael Harders', 5, 180, 150, FALSE, '2024-04-20 12:00:00', '2024-04-20 12:00:00')
INSERT INTO COURSE (ID, NAME, COURSE_TYPE, LECTURER, SEMESTER, DURATION, NUMBER_OF_PARTICIPANTS, COMPUTERS_NECESSARY, CREATED_AT, UPDATED_AT)VALUES('703090', 'Visual Computing', 2, 'Niko Rauch', 5, 90, 25, TRUE, '2024-04-20 12:00:00', '2024-04-20 12:00:00')
INSERT INTO COURSE (ID, NAME, COURSE_TYPE, LECTURER, SEMESTER, DURATION, NUMBER_OF_PARTICIPANTS, COMPUTERS_NECESSARY, CREATED_AT, UPDATED_AT)VALUES('703135', 'Einführung in die Robotik', 1, 'Samuelle Tosatto', 5, 180, 25, FALSE, '2024-04-20 12:00:00', '2024-04-20 12:00:00')
INSERT INTO COURSE (ID, NAME, COURSE_TYPE, LECTURER, SEMESTER, DURATION, NUMBER_OF_PARTICIPANTS, COMPUTERS_NECESSARY, CREATED_AT, UPDATED_AT)VALUES('703141', 'Termersetzungssysteme', 1, 'Fabian Mitterwallner', 5, 180, 35, FALSE, '2024-04-20 12:00:00', '2024-04-20 12:00:00')
INSERT INTO COURSE (ID, NAME, COURSE_TYPE, LECTURER, SEMESTER, DURATION, NUMBER_OF_PARTICIPANTS, COMPUTERS_NECESSARY, CREATED_AT, UPDATED_AT)VALUES('703134', 'Deep Learning', 1, 'Antonio Jose Rodriguez-Sanchez', 5, 180, 25, TRUE, '2024-04-20 12:00:00', '2024-04-20 12:00:00')
INSERT INTO COURSE (ID, NAME, COURSE_TYPE, LECTURER, SEMESTER, DURATION, NUMBER_OF_PARTICIPANTS, COMPUTERS_NECESSARY, CREATED_AT, UPDATED_AT)VALUES('703136', 'Mensch Maschine Interaktion', 1, 'Pascal Knierim', 5, 180, 25, FALSE, '2024-04-20 12:00:00', '2024-04-20 12:00:00')
INSERT INTO COURSE (ID, NAME, COURSE_TYPE, LECTURER, SEMESTER, DURATION, NUMBER_OF_PARTICIPANTS, COMPUTERS_NECESSARY, CREATED_AT, UPDATED_AT)VALUES('703042', 'Ethische Aspekte der Informatik', 0, 'Wilhelm Guggenberger', 5, 90, 150, FALSE, '2024-04-20 12:00:00', '2024-04-20 12:00:00')

INSERT INTO COURSE (ID, NAME, COURSE_TYPE, LECTURER, SEMESTER, DURATION, NUMBER_OF_PARTICIPANTS, COMPUTERS_NECESSARY, CREATED_AT, UPDATED_AT)VALUES('703081', 'Vertiefunsseminar', 3, 'Günther Specht', 6, 90, 25, FALSE, '2024-04-20 12:00:00', '2024-04-20 12:00:00')
INSERT INTO COURSE (ID, NAME, COURSE_TYPE, LECTURER, SEMESTER, DURATION, NUMBER_OF_PARTICIPANTS, COMPUTERS_NECESSARY, CREATED_AT, UPDATED_AT)VALUES('703082', 'Bachelorseminar', 3, 'All Profs', 6, 180, 40, FALSE, '2024-04-20 12:00:00', '2024-04-20 12:00:00')
INSERT INTO COURSE (ID, NAME, COURSE_TYPE, LECTURER, SEMESTER, DURATION, NUMBER_OF_PARTICIPANTS, COMPUTERS_NECESSARY, CREATED_AT, UPDATED_AT)VALUES('703133', 'Prinzipien von Blockchain-Systemen', 1, 'Rainer Böhme', 6, 180, 25, FALSE, '2024-04-20 12:00:00', '2024-04-20 12:00:00')
INSERT INTO COURSE (ID, NAME, COURSE_TYPE, LECTURER, SEMESTER, DURATION, NUMBER_OF_PARTICIPANTS, COMPUTERS_NECESSARY, CREATED_AT, UPDATED_AT)VALUES('703146', 'Performance-oriented Computing', 1, 'Peter Thoman', 6, 180, 25, TRUE, '2024-04-20 12:00:00', '2024-04-20 12:00:00')
INSERT INTO COURSE (ID, NAME, COURSE_TYPE, LECTURER, SEMESTER, DURATION, NUMBER_OF_PARTICIPANTS, COMPUTERS_NECESSARY, CREATED_AT, UPDATED_AT)VALUES('703083', 'Programmverifikation', 0, 'Rene Thiemann', 6, 180, 150, FALSE, '2024-04-20 12:00:00', '2024-04-20 12:00:00')
INSERT INTO COURSE (ID, NAME, COURSE_TYPE, LECTURER, SEMESTER, DURATION, NUMBER_OF_PARTICIPANTS, COMPUTERS_NECESSARY, CREATED_AT, UPDATED_AT)VALUES('703084', 'Programmverifikation', 2, 'Rene Thiemann', 6, 90, 25, FALSE, '2024-04-20 12:00:00', '2024-04-20 12:00:00')
INSERT INTO COURSE (ID, NAME, COURSE_TYPE, LECTURER, SEMESTER, DURATION, NUMBER_OF_PARTICIPANTS, COMPUTERS_NECESSARY, CREATED_AT, UPDATED_AT)VALUES('703085', 'Softwarequalität', 0, 'Harald Victor Schweiger', 6, 180, 150, FALSE, '2024-04-20 12:00:00', '2024-04-20 12:00:00')
INSERT INTO COURSE (ID, NAME, COURSE_TYPE, LECTURER, SEMESTER, DURATION, NUMBER_OF_PARTICIPANTS, COMPUTERS_NECESSARY, CREATED_AT, UPDATED_AT)VALUES('703086', 'Softwarequalität', 2, 'Harald Victor Schweiger', 6, 90, 25, FALSE, '2024-04-20 12:00:00', '2024-04-20 12:00:00')
INSERT INTO COURSE (ID, NAME, COURSE_TYPE, LECTURER, SEMESTER, DURATION, NUMBER_OF_PARTICIPANTS, COMPUTERS_NECESSARY, CREATED_AT, UPDATED_AT)VALUES('702631', 'Informationstheorie und Kryptologie', 0, 'Arne Dür', 6, 120, 150, FALSE, '2024-04-20 12:00:00', '2024-04-20 12:00:00')
INSERT INTO COURSE (ID, NAME, COURSE_TYPE, LECTURER, SEMESTER, DURATION, NUMBER_OF_PARTICIPANTS, COMPUTERS_NECESSARY, CREATED_AT, UPDATED_AT)VALUES('702632', 'Informationstheorie und Kryptologie', 2, 'Arne Dür', 6, 45, 25, FALSE, '2024-04-20 12:00:00', '2024-04-20 12:00:00')

-- timingConstraints for roomTables (10)
INSERT INTO TIMING(ID, DAY_OF_THE_WEEK, START_TIME, END_TIME, COURSE_ID, ROOM_TABLE_ID) VALUES (-1, 0, '08:00:00', '10:00:00', NULL, -1)
INSERT INTO TIMING(ID, DAY_OF_THE_WEEK, START_TIME, END_TIME, COURSE_ID, ROOM_TABLE_ID) VALUES (-2, 1, '08:00:00', '10:00:00', NULL, -1)
INSERT INTO TIMING(ID, DAY_OF_THE_WEEK, START_TIME, END_TIME, COURSE_ID, ROOM_TABLE_ID) VALUES (-3, 0, '08:00:00', '10:00:00', NULL, -2)
INSERT INTO TIMING(ID, DAY_OF_THE_WEEK, START_TIME, END_TIME, COURSE_ID, ROOM_TABLE_ID) VALUES (-4, 0, '08:00:00', '10:00:00', NULL, -3)
INSERT INTO TIMING(ID, DAY_OF_THE_WEEK, START_TIME, END_TIME, COURSE_ID, ROOM_TABLE_ID) VALUES (-5, 0, '16:00:00', '18:00:00', NULL, -4)
INSERT INTO TIMING(ID, DAY_OF_THE_WEEK, START_TIME, END_TIME, COURSE_ID, ROOM_TABLE_ID) VALUES (-6, 1, '16:00:00', '18:00:00', NULL, -1)
INSERT INTO TIMING(ID, DAY_OF_THE_WEEK, START_TIME, END_TIME, COURSE_ID, ROOM_TABLE_ID) VALUES (-7, 2, '08:00:00', '10:00:00', NULL, -1)
INSERT INTO TIMING(ID, DAY_OF_THE_WEEK, START_TIME, END_TIME, COURSE_ID, ROOM_TABLE_ID) VALUES (-8, 3, '08:00:00', '10:00:00', NULL, -2)
INSERT INTO TIMING(ID, DAY_OF_THE_WEEK, START_TIME, END_TIME, COURSE_ID, ROOM_TABLE_ID) VALUES (-9, 4, '08:00:00', '10:00:00', NULL, -1)
INSERT INTO TIMING(ID, DAY_OF_THE_WEEK, START_TIME, END_TIME, COURSE_ID, ROOM_TABLE_ID) VALUES (-10, 2, '08:00:00', '10:00:00', NULL, -4)

-- timingConstraints for courses (10)
INSERT INTO TIMING(ID, DAY_OF_THE_WEEK, START_TIME, END_TIME, COURSE_ID, ROOM_TABLE_ID) VALUES (-11, 0, '08:00:00', '10:00:00', '703010', NULL)
INSERT INTO TIMING(ID, DAY_OF_THE_WEEK, START_TIME, END_TIME, COURSE_ID, ROOM_TABLE_ID) VALUES (-12, 1, '08:00:00', '10:00:00', '703011', NULL)
INSERT INTO TIMING(ID, DAY_OF_THE_WEEK, START_TIME, END_TIME, COURSE_ID, ROOM_TABLE_ID) VALUES (-13, 2, '08:00:00', '10:00:00', '703012', NULL)
INSERT INTO TIMING(ID, DAY_OF_THE_WEEK, START_TIME, END_TIME, COURSE_ID, ROOM_TABLE_ID) VALUES (-14, 3, '08:00:00', '10:00:00', '703013', NULL)
INSERT INTO TIMING(ID, DAY_OF_THE_WEEK, START_TIME, END_TIME, COURSE_ID, ROOM_TABLE_ID) VALUES (-15, 4, '08:00:00', '18:00:00', '703024', NULL)
INSERT INTO TIMING(ID, DAY_OF_THE_WEEK, START_TIME, END_TIME, COURSE_ID, ROOM_TABLE_ID) VALUES (-16, 1, '08:00:00', '18:00:00', '703025', NULL)
INSERT INTO TIMING(ID, DAY_OF_THE_WEEK, START_TIME, END_TIME, COURSE_ID, ROOM_TABLE_ID) VALUES (-17, 2, '12:00:00', '13:00:00', '703062', NULL)
INSERT INTO TIMING(ID, DAY_OF_THE_WEEK, START_TIME, END_TIME, COURSE_ID, ROOM_TABLE_ID) VALUES (-18, 3, '13:00:00', '14:00:00', '703098', NULL)
INSERT INTO TIMING(ID, DAY_OF_THE_WEEK, START_TIME, END_TIME, COURSE_ID, ROOM_TABLE_ID) VALUES (-19, 2, '09:00:00', '10:30:00', '703099', NULL)
INSERT INTO TIMING(ID, DAY_OF_THE_WEEK, START_TIME, END_TIME, COURSE_ID, ROOM_TABLE_ID) VALUES (-20, 1, '12:00:00', '13:00:00', '703010', NULL)

-- timing for assigned courseSession
INSERT INTO TIMING(ID, DAY_OF_THE_WEEK, START_TIME, END_TIME, COURSE_ID, ROOM_TABLE_ID) VALUES (-21, 0, '08:00:00', '10:00:00', NULL , NULL)

-- courseSessions of timeTable1
INSERT INTO COURSE_SESSION(ID, DURATION, IS_ASSIGNED, IS_FIXED, COURSE_ID, ROOM_TABLE_ID, TIME_TABLE_ID, TIMING_ID) VALUES (-1, 180, FALSE, FALSE, '703003', NULL, -1, NULL)
INSERT INTO COURSE_SESSION(ID, DURATION, IS_ASSIGNED, IS_FIXED, COURSE_ID, ROOM_TABLE_ID, TIME_TABLE_ID, TIMING_ID) VALUES (-2, 90, FALSE, FALSE, '703004', NULL, -1, NULL)
INSERT INTO COURSE_SESSION(ID, DURATION, IS_ASSIGNED, IS_FIXED, COURSE_ID, ROOM_TABLE_ID, TIME_TABLE_ID, TIMING_ID) VALUES (-3, 120, FALSE, FALSE, '703024', NULL, -1, NULL)
INSERT INTO COURSE_SESSION(ID, DURATION, IS_ASSIGNED, IS_FIXED, COURSE_ID, ROOM_TABLE_ID, TIME_TABLE_ID, TIMING_ID) VALUES (-4, 45, FALSE, FALSE, '703025', NULL, -1, NULL)
INSERT INTO COURSE_SESSION(ID, DURATION, IS_ASSIGNED, IS_FIXED, COURSE_ID, ROOM_TABLE_ID, TIME_TABLE_ID, TIMING_ID) VALUES (-5, 45, FALSE, FALSE, '703063', NULL, -1, NULL)
INSERT INTO COURSE_SESSION(ID, DURATION, IS_ASSIGNED, IS_FIXED, COURSE_ID, ROOM_TABLE_ID, TIME_TABLE_ID, TIMING_ID) VALUES (-6, 120, TRUE, FALSE, '703064', -1, -1, -21)
INSERT INTO COURSE_SESSION(ID, DURATION, IS_ASSIGNED, IS_FIXED, COURSE_ID, ROOM_TABLE_ID, TIME_TABLE_ID, TIMING_ID) VALUES (-7, 45, FALSE, FALSE, '703062', NULL, -1, NULL)
INSERT INTO COURSE_SESSION(ID, DURATION, IS_ASSIGNED, IS_FIXED, COURSE_ID, ROOM_TABLE_ID, TIME_TABLE_ID, TIMING_ID) VALUES (-8, 120, FALSE, FALSE, '703007', NULL, -1, NULL)
INSERT INTO COURSE_SESSION(ID, DURATION, IS_ASSIGNED, IS_FIXED, COURSE_ID, ROOM_TABLE_ID, TIME_TABLE_ID, TIMING_ID) VALUES (-9, 45, FALSE, FALSE, '703098', NULL, -1, NULL)
INSERT INTO COURSE_SESSION(ID, DURATION, IS_ASSIGNED, IS_FIXED, COURSE_ID, ROOM_TABLE_ID, TIME_TABLE_ID, TIMING_ID) VALUES (-10, 120, FALSE, FALSE, '703099', NULL, -1, NULL)

-- courseSessions of timeTable2
INSERT INTO COURSE_SESSION(ID, DURATION, IS_ASSIGNED, IS_FIXED, COURSE_ID, ROOM_TABLE_ID, TIME_TABLE_ID, TIMING_ID) VALUES (-11, 180, FALSE, FALSE, '703003', NULL, -2, NULL)
INSERT INTO COURSE_SESSION(ID, DURATION, IS_ASSIGNED, IS_FIXED, COURSE_ID, ROOM_TABLE_ID, TIME_TABLE_ID, TIMING_ID) VALUES (-12, 90, FALSE, FALSE, '703004', NULL, -2, NULL)
INSERT INTO COURSE_SESSION(ID, DURATION, IS_ASSIGNED, IS_FIXED, COURSE_ID, ROOM_TABLE_ID, TIME_TABLE_ID, TIMING_ID) VALUES (-13, 90, FALSE, FALSE, '703004', NULL, -2, NULL)
INSERT INTO COURSE_SESSION(ID, DURATION, IS_ASSIGNED, IS_FIXED, COURSE_ID, ROOM_TABLE_ID, TIME_TABLE_ID, TIMING_ID) VALUES (-14, 90, FALSE, FALSE, '703004', NULL, -2, NULL)
INSERT INTO COURSE_SESSION(ID, DURATION, IS_ASSIGNED, IS_FIXED, COURSE_ID, ROOM_TABLE_ID, TIME_TABLE_ID, TIMING_ID) VALUES (-15, 90, FALSE, FALSE, '703004', NULL, -2, NULL)
INSERT INTO COURSE_SESSION(ID, DURATION, IS_ASSIGNED, IS_FIXED, COURSE_ID, ROOM_TABLE_ID, TIME_TABLE_ID, TIMING_ID) VALUES (-16, 45, FALSE, FALSE, '703025', NULL, -2, NULL)
INSERT INTO COURSE_SESSION(ID, DURATION, IS_ASSIGNED, IS_FIXED, COURSE_ID, ROOM_TABLE_ID, TIME_TABLE_ID, TIMING_ID) VALUES (-17, 45, FALSE, FALSE, '703025', NULL, -2, NULL)
INSERT INTO COURSE_SESSION(ID, DURATION, IS_ASSIGNED, IS_FIXED, COURSE_ID, ROOM_TABLE_ID, TIME_TABLE_ID, TIMING_ID) VALUES (-18, 45, FALSE, FALSE, '703025', NULL, -2, NULL)
INSERT INTO COURSE_SESSION(ID, DURATION, IS_ASSIGNED, IS_FIXED, COURSE_ID, ROOM_TABLE_ID, TIME_TABLE_ID, TIMING_ID) VALUES (-19, 45, FALSE, FALSE, '703025', NULL, -2, NULL)
INSERT INTO COURSE_SESSION(ID, DURATION, IS_ASSIGNED, IS_FIXED, COURSE_ID, ROOM_TABLE_ID, TIME_TABLE_ID, TIMING_ID) VALUES (-20, 45, FALSE, FALSE, '703025', NULL, -2, NULL)
INSERT INTO COURSE_SESSION(ID, DURATION, IS_ASSIGNED, IS_FIXED, COURSE_ID, ROOM_TABLE_ID, TIME_TABLE_ID, TIMING_ID) VALUES (-21, 45, FALSE, FALSE, '703025', NULL, -2, NULL)
INSERT INTO COURSE_SESSION(ID, DURATION, IS_ASSIGNED, IS_FIXED, COURSE_ID, ROOM_TABLE_ID, TIME_TABLE_ID, TIMING_ID) VALUES (-22, 45, FALSE, FALSE, '703025', NULL, -2, NULL)
INSERT INTO COURSE_SESSION(ID, DURATION, IS_ASSIGNED, IS_FIXED, COURSE_ID, ROOM_TABLE_ID, TIME_TABLE_ID, TIMING_ID) VALUES (-23, 45, FALSE, FALSE, '703025', NULL, -2, NULL)
INSERT INTO COURSE_SESSION(ID, DURATION, IS_ASSIGNED, IS_FIXED, COURSE_ID, ROOM_TABLE_ID, TIME_TABLE_ID, TIMING_ID) VALUES (-24, 120, FALSE, FALSE, '703024', NULL, -2, NULL)
INSERT INTO COURSE_SESSION(ID, DURATION, IS_ASSIGNED, IS_FIXED, COURSE_ID, ROOM_TABLE_ID, TIME_TABLE_ID, TIMING_ID) VALUES (-25, 45, FALSE, FALSE, '703063', NULL, -2, NULL)
INSERT INTO COURSE_SESSION(ID, DURATION, IS_ASSIGNED, IS_FIXED, COURSE_ID, ROOM_TABLE_ID, TIME_TABLE_ID, TIMING_ID) VALUES (-26, 45, FALSE, FALSE, '703063', NULL, -2, NULL)
INSERT INTO COURSE_SESSION(ID, DURATION, IS_ASSIGNED, IS_FIXED, COURSE_ID, ROOM_TABLE_ID, TIME_TABLE_ID, TIMING_ID) VALUES (-27, 45, FALSE, FALSE, '703063', NULL, -2, NULL)
INSERT INTO COURSE_SESSION(ID, DURATION, IS_ASSIGNED, IS_FIXED, COURSE_ID, ROOM_TABLE_ID, TIME_TABLE_ID, TIMING_ID) VALUES (-28, 45, FALSE, FALSE, '703063', NULL, -2, NULL)
INSERT INTO COURSE_SESSION(ID, DURATION, IS_ASSIGNED, IS_FIXED, COURSE_ID, ROOM_TABLE_ID, TIME_TABLE_ID, TIMING_ID) VALUES (-29, 45, FALSE, FALSE, '703063', NULL, -2, NULL)
INSERT INTO COURSE_SESSION(ID, DURATION, IS_ASSIGNED, IS_FIXED, COURSE_ID, ROOM_TABLE_ID, TIME_TABLE_ID, TIMING_ID) VALUES (-30, 45, FALSE, FALSE, '703063', NULL, -2, NULL)
INSERT INTO COURSE_SESSION(ID, DURATION, IS_ASSIGNED, IS_FIXED, COURSE_ID, ROOM_TABLE_ID, TIME_TABLE_ID, TIMING_ID) VALUES (-31, 45, FALSE, FALSE, '703063', NULL, -2, NULL)
INSERT INTO COURSE_SESSION(ID, DURATION, IS_ASSIGNED, IS_FIXED, COURSE_ID, ROOM_TABLE_ID, TIME_TABLE_ID, TIMING_ID) VALUES (-32, 45, FALSE, FALSE, '703063', NULL, -2, NULL)
INSERT INTO COURSE_SESSION(ID, DURATION, IS_ASSIGNED, IS_FIXED, COURSE_ID, ROOM_TABLE_ID, TIME_TABLE_ID, TIMING_ID) VALUES (-33, 120, FALSE, FALSE, '703064', NULL, -2, NULL)
INSERT INTO COURSE_SESSION(ID, DURATION, IS_ASSIGNED, IS_FIXED, COURSE_ID, ROOM_TABLE_ID, TIME_TABLE_ID, TIMING_ID) VALUES (-34, 45, FALSE, FALSE, '703062', NULL, -2, NULL)
INSERT INTO COURSE_SESSION(ID, DURATION, IS_ASSIGNED, IS_FIXED, COURSE_ID, ROOM_TABLE_ID, TIME_TABLE_ID, TIMING_ID) VALUES (-35, 120, FALSE, FALSE, '703007', NULL, -2, NULL)
INSERT INTO COURSE_SESSION(ID, DURATION, IS_ASSIGNED, IS_FIXED, COURSE_ID, ROOM_TABLE_ID, TIME_TABLE_ID, TIMING_ID) VALUES (-36, 45, FALSE, FALSE, '703098', NULL, -2, NULL)
INSERT INTO COURSE_SESSION(ID, DURATION, IS_ASSIGNED, IS_FIXED, COURSE_ID, ROOM_TABLE_ID, TIME_TABLE_ID, TIMING_ID) VALUES (-37, 45, FALSE, FALSE, '703098', NULL, -2, NULL)
INSERT INTO COURSE_SESSION(ID, DURATION, IS_ASSIGNED, IS_FIXED, COURSE_ID, ROOM_TABLE_ID, TIME_TABLE_ID, TIMING_ID) VALUES (-38, 45, FALSE, FALSE, '703098', NULL, -2, NULL)
INSERT INTO COURSE_SESSION(ID, DURATION, IS_ASSIGNED, IS_FIXED, COURSE_ID, ROOM_TABLE_ID, TIME_TABLE_ID, TIMING_ID) VALUES (-39, 45, FALSE, FALSE, '703098', NULL, -2, NULL)
INSERT INTO COURSE_SESSION(ID, DURATION, IS_ASSIGNED, IS_FIXED, COURSE_ID, ROOM_TABLE_ID, TIME_TABLE_ID, TIMING_ID) VALUES (-40, 45, FALSE, FALSE, '703098', NULL, -2, NULL)
INSERT INTO COURSE_SESSION(ID, DURATION, IS_ASSIGNED, IS_FIXED, COURSE_ID, ROOM_TABLE_ID, TIME_TABLE_ID, TIMING_ID) VALUES (-41, 45, FALSE, FALSE, '703098', NULL, -2, NULL)
INSERT INTO COURSE_SESSION(ID, DURATION, IS_ASSIGNED, IS_FIXED, COURSE_ID, ROOM_TABLE_ID, TIME_TABLE_ID, TIMING_ID) VALUES (-42, 45, FALSE, FALSE, '703098', NULL, -2, NULL)
INSERT INTO COURSE_SESSION(ID, DURATION, IS_ASSIGNED, IS_FIXED, COURSE_ID, ROOM_TABLE_ID, TIME_TABLE_ID, TIMING_ID) VALUES (-43, 120, FALSE, FALSE, '703099', NULL, -2, NULL)
INSERT INTO COURSE_SESSION(ID, DURATION, IS_ASSIGNED, IS_FIXED, COURSE_ID, ROOM_TABLE_ID, TIME_TABLE_ID, TIMING_ID) VALUES (-44, 90, FALSE, FALSE, '703016', NULL, -2, NULL)
INSERT INTO COURSE_SESSION(ID, DURATION, IS_ASSIGNED, IS_FIXED, COURSE_ID, ROOM_TABLE_ID, TIME_TABLE_ID, TIMING_ID) VALUES (-45, 90, FALSE, FALSE, '703016', NULL, -2, NULL)
INSERT INTO COURSE_SESSION(ID, DURATION, IS_ASSIGNED, IS_FIXED, COURSE_ID, ROOM_TABLE_ID, TIME_TABLE_ID, TIMING_ID) VALUES (-46, 90, FALSE, FALSE, '703016', NULL, -2, NULL)
INSERT INTO COURSE_SESSION(ID, DURATION, IS_ASSIGNED, IS_FIXED, COURSE_ID, ROOM_TABLE_ID, TIME_TABLE_ID, TIMING_ID) VALUES (-47, 90, FALSE, FALSE, '703016', NULL, -2, NULL)
INSERT INTO COURSE_SESSION(ID, DURATION, IS_ASSIGNED, IS_FIXED, COURSE_ID, ROOM_TABLE_ID, TIME_TABLE_ID, TIMING_ID) VALUES (-48, 90, FALSE, FALSE, '703016', NULL, -2, NULL)
INSERT INTO COURSE_SESSION(ID, DURATION, IS_ASSIGNED, IS_FIXED, COURSE_ID, ROOM_TABLE_ID, TIME_TABLE_ID, TIMING_ID) VALUES (-49, 180, FALSE, FALSE, '703017', NULL, -2, NULL)
INSERT INTO COURSE_SESSION(ID, DURATION, IS_ASSIGNED, IS_FIXED, COURSE_ID, ROOM_TABLE_ID, TIME_TABLE_ID, TIMING_ID) VALUES (-50, 90, FALSE, FALSE, '703066', NULL, -2, NULL)
INSERT INTO COURSE_SESSION(ID, DURATION, IS_ASSIGNED, IS_FIXED, COURSE_ID, ROOM_TABLE_ID, TIME_TABLE_ID, TIMING_ID) VALUES (-51, 90, FALSE, FALSE, '703066', NULL, -2, NULL)
INSERT INTO COURSE_SESSION(ID, DURATION, IS_ASSIGNED, IS_FIXED, COURSE_ID, ROOM_TABLE_ID, TIME_TABLE_ID, TIMING_ID) VALUES (-52, 90, FALSE, FALSE, '703066', NULL, -2, NULL)
INSERT INTO COURSE_SESSION(ID, DURATION, IS_ASSIGNED, IS_FIXED, COURSE_ID, ROOM_TABLE_ID, TIME_TABLE_ID, TIMING_ID) VALUES (-53, 90, FALSE, FALSE, '703066', NULL, -2, NULL)
INSERT INTO COURSE_SESSION(ID, DURATION, IS_ASSIGNED, IS_FIXED, COURSE_ID, ROOM_TABLE_ID, TIME_TABLE_ID, TIMING_ID) VALUES (-54, 90, FALSE, FALSE, '703066', NULL, -2, NULL)
INSERT INTO COURSE_SESSION(ID, DURATION, IS_ASSIGNED, IS_FIXED, COURSE_ID, ROOM_TABLE_ID, TIME_TABLE_ID, TIMING_ID) VALUES (-55, 90, FALSE, FALSE, '703066', NULL, -2, NULL)
INSERT INTO COURSE_SESSION(ID, DURATION, IS_ASSIGNED, IS_FIXED, COURSE_ID, ROOM_TABLE_ID, TIME_TABLE_ID, TIMING_ID) VALUES (-56, 90, FALSE, FALSE, '703066', NULL, -2, NULL)
INSERT INTO COURSE_SESSION(ID, DURATION, IS_ASSIGNED, IS_FIXED, COURSE_ID, ROOM_TABLE_ID, TIME_TABLE_ID, TIMING_ID) VALUES (-57, 180, FALSE, FALSE, '703065', NULL, -2, NULL)
INSERT INTO COURSE_SESSION(ID, DURATION, IS_ASSIGNED, IS_FIXED, COURSE_ID, ROOM_TABLE_ID, TIME_TABLE_ID, TIMING_ID) VALUES (-58, 90, FALSE, FALSE, '703011', NULL, -2, NULL)
INSERT INTO COURSE_SESSION(ID, DURATION, IS_ASSIGNED, IS_FIXED, COURSE_ID, ROOM_TABLE_ID, TIME_TABLE_ID, TIMING_ID) VALUES (-59, 90, FALSE, FALSE, '703011', NULL, -2, NULL)
INSERT INTO COURSE_SESSION(ID, DURATION, IS_ASSIGNED, IS_FIXED, COURSE_ID, ROOM_TABLE_ID, TIME_TABLE_ID, TIMING_ID) VALUES (-60, 90, FALSE, FALSE, '703011', NULL, -2, NULL)
INSERT INTO COURSE_SESSION(ID, DURATION, IS_ASSIGNED, IS_FIXED, COURSE_ID, ROOM_TABLE_ID, TIME_TABLE_ID, TIMING_ID) VALUES (-61, 90, FALSE, FALSE, '703011', NULL, -2, NULL)
INSERT INTO COURSE_SESSION(ID, DURATION, IS_ASSIGNED, IS_FIXED, COURSE_ID, ROOM_TABLE_ID, TIME_TABLE_ID, TIMING_ID) VALUES (-62, 90, FALSE, FALSE, '703011', NULL, -2, NULL)
INSERT INTO COURSE_SESSION(ID, DURATION, IS_ASSIGNED, IS_FIXED, COURSE_ID, ROOM_TABLE_ID, TIME_TABLE_ID, TIMING_ID) VALUES (-63, 90, FALSE, FALSE, '703011', NULL, -2, NULL)
INSERT INTO COURSE_SESSION(ID, DURATION, IS_ASSIGNED, IS_FIXED, COURSE_ID, ROOM_TABLE_ID, TIME_TABLE_ID, TIMING_ID) VALUES (-64, 90, FALSE, FALSE, '703011', NULL, -2, NULL)
INSERT INTO COURSE_SESSION(ID, DURATION, IS_ASSIGNED, IS_FIXED, COURSE_ID, ROOM_TABLE_ID, TIME_TABLE_ID, TIMING_ID) VALUES (-65, 90, FALSE, FALSE, '703011', NULL, -2, NULL)
INSERT INTO COURSE_SESSION(ID, DURATION, IS_ASSIGNED, IS_FIXED, COURSE_ID, ROOM_TABLE_ID, TIME_TABLE_ID, TIMING_ID) VALUES (-66, 180, FALSE, FALSE, '703010', NULL, -2, NULL)
INSERT INTO COURSE_SESSION(ID, DURATION, IS_ASSIGNED, IS_FIXED, COURSE_ID, ROOM_TABLE_ID, TIME_TABLE_ID, TIMING_ID) VALUES (-67, 90, FALSE, FALSE, '703012', NULL, -2, NULL)
INSERT INTO COURSE_SESSION(ID, DURATION, IS_ASSIGNED, IS_FIXED, COURSE_ID, ROOM_TABLE_ID, TIME_TABLE_ID, TIMING_ID) VALUES (-68, 90, FALSE, FALSE, '703012', NULL, -2, NULL)
INSERT INTO COURSE_SESSION(ID, DURATION, IS_ASSIGNED, IS_FIXED, COURSE_ID, ROOM_TABLE_ID, TIME_TABLE_ID, TIMING_ID) VALUES (-69, 90, FALSE, FALSE, '703012', NULL, -2, NULL)
INSERT INTO COURSE_SESSION(ID, DURATION, IS_ASSIGNED, IS_FIXED, COURSE_ID, ROOM_TABLE_ID, TIME_TABLE_ID, TIMING_ID) VALUES (-70, 180, FALSE, FALSE, '703013', NULL, -2, NULL)
INSERT INTO COURSE_SESSION(ID, DURATION, IS_ASSIGNED, IS_FIXED, COURSE_ID, ROOM_TABLE_ID, TIME_TABLE_ID, TIMING_ID) VALUES (-71, 180, FALSE, FALSE, '703020', NULL, -2, NULL)
INSERT INTO COURSE_SESSION(ID, DURATION, IS_ASSIGNED, IS_FIXED, COURSE_ID, ROOM_TABLE_ID, TIME_TABLE_ID, TIMING_ID) VALUES (-72, 90, FALSE, FALSE, '703021', NULL, -2, NULL)
INSERT INTO COURSE_SESSION(ID, DURATION, IS_ASSIGNED, IS_FIXED, COURSE_ID, ROOM_TABLE_ID, TIME_TABLE_ID, TIMING_ID) VALUES (-73, 90, FALSE, FALSE, '703021', NULL, -2, NULL)
INSERT INTO COURSE_SESSION(ID, DURATION, IS_ASSIGNED, IS_FIXED, COURSE_ID, ROOM_TABLE_ID, TIME_TABLE_ID, TIMING_ID) VALUES (-74, 90, FALSE, FALSE, '703021', NULL, -2, NULL)
INSERT INTO COURSE_SESSION(ID, DURATION, IS_ASSIGNED, IS_FIXED, COURSE_ID, ROOM_TABLE_ID, TIME_TABLE_ID, TIMING_ID) VALUES (-75, 180, FALSE, FALSE, '703033', NULL, -2, NULL)
INSERT INTO COURSE_SESSION(ID, DURATION, IS_ASSIGNED, IS_FIXED, COURSE_ID, ROOM_TABLE_ID, TIME_TABLE_ID, TIMING_ID) VALUES (-76, 90, FALSE, FALSE, '703034', NULL, -2, NULL)
INSERT INTO COURSE_SESSION(ID, DURATION, IS_ASSIGNED, IS_FIXED, COURSE_ID, ROOM_TABLE_ID, TIME_TABLE_ID, TIMING_ID) VALUES (-77, 90, FALSE, FALSE, '703034', NULL, -2, NULL)
INSERT INTO COURSE_SESSION(ID, DURATION, IS_ASSIGNED, IS_FIXED, COURSE_ID, ROOM_TABLE_ID, TIME_TABLE_ID, TIMING_ID) VALUES (-78, 90, FALSE, FALSE, '703034', NULL, -2, NULL)
INSERT INTO COURSE_SESSION(ID, DURATION, IS_ASSIGNED, IS_FIXED, COURSE_ID, ROOM_TABLE_ID, TIME_TABLE_ID, TIMING_ID) VALUES (-79, 90, FALSE, FALSE, '703034', NULL, -2, NULL)
INSERT INTO COURSE_SESSION(ID, DURATION, IS_ASSIGNED, IS_FIXED, COURSE_ID, ROOM_TABLE_ID, TIME_TABLE_ID, TIMING_ID) VALUES (-80, 90, FALSE, FALSE, '703034', NULL, -2, NULL)
INSERT INTO COURSE_SESSION(ID, DURATION, IS_ASSIGNED, IS_FIXED, COURSE_ID, ROOM_TABLE_ID, TIME_TABLE_ID, TIMING_ID) VALUES (-81, 90, FALSE, FALSE, '703034', NULL, -2, NULL)
INSERT INTO COURSE_SESSION(ID, DURATION, IS_ASSIGNED, IS_FIXED, COURSE_ID, ROOM_TABLE_ID, TIME_TABLE_ID, TIMING_ID) VALUES (-82, 90, FALSE, FALSE, '703034', NULL, -2, NULL)
INSERT INTO COURSE_SESSION(ID, DURATION, IS_ASSIGNED, IS_FIXED, COURSE_ID, ROOM_TABLE_ID, TIME_TABLE_ID, TIMING_ID) VALUES (-83, 90, FALSE, FALSE, '703034', NULL, -2, NULL)
INSERT INTO COURSE_SESSION(ID, DURATION, IS_ASSIGNED, IS_FIXED, COURSE_ID, ROOM_TABLE_ID, TIME_TABLE_ID, TIMING_ID) VALUES (-84, 120, FALSE, FALSE, '703067', NULL, -2, NULL)
INSERT INTO COURSE_SESSION(ID, DURATION, IS_ASSIGNED, IS_FIXED, COURSE_ID, ROOM_TABLE_ID, TIME_TABLE_ID, TIMING_ID) VALUES (-85, 45, FALSE, FALSE, '703068', NULL, -2, NULL)
INSERT INTO COURSE_SESSION(ID, DURATION, IS_ASSIGNED, IS_FIXED, COURSE_ID, ROOM_TABLE_ID, TIME_TABLE_ID, TIMING_ID) VALUES (-86, 45, FALSE, FALSE, '703068', NULL, -2, NULL)
INSERT INTO COURSE_SESSION(ID, DURATION, IS_ASSIGNED, IS_FIXED, COURSE_ID, ROOM_TABLE_ID, TIME_TABLE_ID, TIMING_ID) VALUES (-87, 45, FALSE, FALSE, '703068', NULL, -2, NULL)
INSERT INTO COURSE_SESSION(ID, DURATION, IS_ASSIGNED, IS_FIXED, COURSE_ID, ROOM_TABLE_ID, TIME_TABLE_ID, TIMING_ID) VALUES (-88, 45, FALSE, FALSE, '703068', NULL, -2, NULL)
INSERT INTO COURSE_SESSION(ID, DURATION, IS_ASSIGNED, IS_FIXED, COURSE_ID, ROOM_TABLE_ID, TIME_TABLE_ID, TIMING_ID) VALUES (-89, 45, FALSE, FALSE, '703068', NULL, -2, NULL)
INSERT INTO COURSE_SESSION(ID, DURATION, IS_ASSIGNED, IS_FIXED, COURSE_ID, ROOM_TABLE_ID, TIME_TABLE_ID, TIMING_ID) VALUES (-90, 45, FALSE, FALSE, '703068', NULL, -2, NULL)
INSERT INTO COURSE_SESSION(ID, DURATION, IS_ASSIGNED, IS_FIXED, COURSE_ID, ROOM_TABLE_ID, TIME_TABLE_ID, TIMING_ID) VALUES (-91, 45, FALSE, FALSE, '703068', NULL, -2, NULL)
INSERT INTO COURSE_SESSION(ID, DURATION, IS_ASSIGNED, IS_FIXED, COURSE_ID, ROOM_TABLE_ID, TIME_TABLE_ID, TIMING_ID) VALUES (-92, 45, FALSE, FALSE, '703068', NULL, -2, NULL)
INSERT INTO COURSE_SESSION(ID, DURATION, IS_ASSIGNED, IS_FIXED, COURSE_ID, ROOM_TABLE_ID, TIME_TABLE_ID, TIMING_ID) VALUES (-93, 120, FALSE, FALSE, '703069', NULL, -2, NULL)
INSERT INTO COURSE_SESSION(ID, DURATION, IS_ASSIGNED, IS_FIXED, COURSE_ID, ROOM_TABLE_ID, TIME_TABLE_ID, TIMING_ID) VALUES (-94, 45, FALSE, FALSE, '703070', NULL, -2, NULL)
INSERT INTO COURSE_SESSION(ID, DURATION, IS_ASSIGNED, IS_FIXED, COURSE_ID, ROOM_TABLE_ID, TIME_TABLE_ID, TIMING_ID) VALUES (-95, 45, FALSE, FALSE, '703070', NULL, -2, NULL)
INSERT INTO COURSE_SESSION(ID, DURATION, IS_ASSIGNED, IS_FIXED, COURSE_ID, ROOM_TABLE_ID, TIME_TABLE_ID, TIMING_ID) VALUES (-96, 45, FALSE, FALSE, '703070', NULL, -2, NULL)
INSERT INTO COURSE_SESSION(ID, DURATION, IS_ASSIGNED, IS_FIXED, COURSE_ID, ROOM_TABLE_ID, TIME_TABLE_ID, TIMING_ID) VALUES (-97, 45, FALSE, FALSE, '703070', NULL, -2, NULL)
INSERT INTO COURSE_SESSION(ID, DURATION, IS_ASSIGNED, IS_FIXED, COURSE_ID, ROOM_TABLE_ID, TIME_TABLE_ID, TIMING_ID) VALUES (-98, 45, FALSE, FALSE, '703070', NULL, -2, NULL)
INSERT INTO COURSE_SESSION(ID, DURATION, IS_ASSIGNED, IS_FIXED, COURSE_ID, ROOM_TABLE_ID, TIME_TABLE_ID, TIMING_ID) VALUES (-99, 45, FALSE, FALSE, '703070', NULL, -2, NULL)
INSERT INTO COURSE_SESSION(ID, DURATION, IS_ASSIGNED, IS_FIXED, COURSE_ID, ROOM_TABLE_ID, TIME_TABLE_ID, TIMING_ID) VALUES (-100, 180, FALSE, FALSE, '703071', NULL, -2, NULL)
INSERT INTO COURSE_SESSION(ID, DURATION, IS_ASSIGNED, IS_FIXED, COURSE_ID, ROOM_TABLE_ID, TIME_TABLE_ID, TIMING_ID) VALUES (-101, 90, FALSE, FALSE, '703072', NULL, -2, NULL)
INSERT INTO COURSE_SESSION(ID, DURATION, IS_ASSIGNED, IS_FIXED, COURSE_ID, ROOM_TABLE_ID, TIME_TABLE_ID, TIMING_ID) VALUES (-102, 90, FALSE, FALSE, '703072', NULL, -2, NULL)
INSERT INTO COURSE_SESSION(ID, DURATION, IS_ASSIGNED, IS_FIXED, COURSE_ID, ROOM_TABLE_ID, TIME_TABLE_ID, TIMING_ID) VALUES (-103, 90, FALSE, FALSE, '703072', NULL, -2, NULL)
INSERT INTO COURSE_SESSION(ID, DURATION, IS_ASSIGNED, IS_FIXED, COURSE_ID, ROOM_TABLE_ID, TIME_TABLE_ID, TIMING_ID) VALUES (-104, 90, FALSE, FALSE, '703072', NULL, -2, NULL)
INSERT INTO COURSE_SESSION(ID, DURATION, IS_ASSIGNED, IS_FIXED, COURSE_ID, ROOM_TABLE_ID, TIME_TABLE_ID, TIMING_ID) VALUES (-105, 90, FALSE, FALSE, '703072', NULL, -2, NULL)
INSERT INTO COURSE_SESSION(ID, DURATION, IS_ASSIGNED, IS_FIXED, COURSE_ID, ROOM_TABLE_ID, TIME_TABLE_ID, TIMING_ID) VALUES (-106, 90, FALSE, FALSE, '703072', NULL, -2, NULL)
INSERT INTO COURSE_SESSION(ID, DURATION, IS_ASSIGNED, IS_FIXED, COURSE_ID, ROOM_TABLE_ID, TIME_TABLE_ID, TIMING_ID) VALUES (-107, 90, FALSE, FALSE, '703072', NULL, -2, NULL)
INSERT INTO COURSE_SESSION(ID, DURATION, IS_ASSIGNED, IS_FIXED, COURSE_ID, ROOM_TABLE_ID, TIME_TABLE_ID, TIMING_ID) VALUES (-108, 90, FALSE, FALSE, '703072', NULL, -2, NULL)
INSERT INTO COURSE_SESSION(ID, DURATION, IS_ASSIGNED, IS_FIXED, COURSE_ID, ROOM_TABLE_ID, TIME_TABLE_ID, TIMING_ID) VALUES (-109, 180, FALSE, FALSE, '703026', NULL, -2, NULL)
INSERT INTO COURSE_SESSION(ID, DURATION, IS_ASSIGNED, IS_FIXED, COURSE_ID, ROOM_TABLE_ID, TIME_TABLE_ID, TIMING_ID) VALUES (-110, 90, FALSE, FALSE, '703027', NULL, -2, NULL)
INSERT INTO COURSE_SESSION(ID, DURATION, IS_ASSIGNED, IS_FIXED, COURSE_ID, ROOM_TABLE_ID, TIME_TABLE_ID, TIMING_ID) VALUES (-111, 90, FALSE, FALSE, '703027', NULL, -2, NULL)
INSERT INTO COURSE_SESSION(ID, DURATION, IS_ASSIGNED, IS_FIXED, COURSE_ID, ROOM_TABLE_ID, TIME_TABLE_ID, TIMING_ID) VALUES (-112, 90, FALSE, FALSE, '703027', NULL, -2, NULL)
INSERT INTO COURSE_SESSION(ID, DURATION, IS_ASSIGNED, IS_FIXED, COURSE_ID, ROOM_TABLE_ID, TIME_TABLE_ID, TIMING_ID) VALUES (-113, 180, FALSE, FALSE, '703075', NULL, -2, NULL)
INSERT INTO COURSE_SESSION(ID, DURATION, IS_ASSIGNED, IS_FIXED, COURSE_ID, ROOM_TABLE_ID, TIME_TABLE_ID, TIMING_ID) VALUES (-114, 90, FALSE, FALSE, '703076', NULL, -2, NULL)
INSERT INTO COURSE_SESSION(ID, DURATION, IS_ASSIGNED, IS_FIXED, COURSE_ID, ROOM_TABLE_ID, TIME_TABLE_ID, TIMING_ID) VALUES (-115, 90, FALSE, FALSE, '703076', NULL, -2, NULL)
INSERT INTO COURSE_SESSION(ID, DURATION, IS_ASSIGNED, IS_FIXED, COURSE_ID, ROOM_TABLE_ID, TIME_TABLE_ID, TIMING_ID) VALUES (-116, 90, FALSE, FALSE, '703076', NULL, -2, NULL)
INSERT INTO COURSE_SESSION(ID, DURATION, IS_ASSIGNED, IS_FIXED, COURSE_ID, ROOM_TABLE_ID, TIME_TABLE_ID, TIMING_ID) VALUES (-117, 120, FALSE, FALSE, '703077', NULL, -2, NULL)
INSERT INTO COURSE_SESSION(ID, DURATION, IS_ASSIGNED, IS_FIXED, COURSE_ID, ROOM_TABLE_ID, TIME_TABLE_ID, TIMING_ID) VALUES (-118, 45, FALSE, FALSE, '703078', NULL, -2, NULL)
INSERT INTO COURSE_SESSION(ID, DURATION, IS_ASSIGNED, IS_FIXED, COURSE_ID, ROOM_TABLE_ID, TIME_TABLE_ID, TIMING_ID) VALUES (-119, 45, FALSE, FALSE, '703078', NULL, -2, NULL)
INSERT INTO COURSE_SESSION(ID, DURATION, IS_ASSIGNED, IS_FIXED, COURSE_ID, ROOM_TABLE_ID, TIME_TABLE_ID, TIMING_ID) VALUES (-120, 45, FALSE, FALSE, '703078', NULL, -2, NULL)
INSERT INTO COURSE_SESSION(ID, DURATION, IS_ASSIGNED, IS_FIXED, COURSE_ID, ROOM_TABLE_ID, TIME_TABLE_ID, TIMING_ID) VALUES (-121, 120, FALSE, FALSE, '703079', NULL, -2, NULL)
INSERT INTO COURSE_SESSION(ID, DURATION, IS_ASSIGNED, IS_FIXED, COURSE_ID, ROOM_TABLE_ID, TIME_TABLE_ID, TIMING_ID) VALUES (-122, 90, FALSE, FALSE, '703080', NULL, -2, NULL)
INSERT INTO COURSE_SESSION(ID, DURATION, IS_ASSIGNED, IS_FIXED, COURSE_ID, ROOM_TABLE_ID, TIME_TABLE_ID, TIMING_ID) VALUES (-123, 90, FALSE, FALSE, '703080', NULL, -2, NULL)
INSERT INTO COURSE_SESSION(ID, DURATION, IS_ASSIGNED, IS_FIXED, COURSE_ID, ROOM_TABLE_ID, TIME_TABLE_ID, TIMING_ID) VALUES (-124, 90, FALSE, FALSE, '703080', NULL, -2, NULL)
INSERT INTO COURSE_SESSION(ID, DURATION, IS_ASSIGNED, IS_FIXED, COURSE_ID, ROOM_TABLE_ID, TIME_TABLE_ID, TIMING_ID) VALUES (-125, 90, FALSE, FALSE, '703080', NULL, -2, NULL)
INSERT INTO COURSE_SESSION(ID, DURATION, IS_ASSIGNED, IS_FIXED, COURSE_ID, ROOM_TABLE_ID, TIME_TABLE_ID, TIMING_ID) VALUES (-126, 90, FALSE, FALSE, '703080', NULL, -2, NULL)
INSERT INTO COURSE_SESSION(ID, DURATION, IS_ASSIGNED, IS_FIXED, COURSE_ID, ROOM_TABLE_ID, TIME_TABLE_ID, TIMING_ID) VALUES (-127, 90, FALSE, FALSE, '703080', NULL, -2, NULL)
INSERT INTO COURSE_SESSION(ID, DURATION, IS_ASSIGNED, IS_FIXED, COURSE_ID, ROOM_TABLE_ID, TIME_TABLE_ID, TIMING_ID) VALUES (-128, 90, FALSE, FALSE, '703073', NULL, -2, NULL)
INSERT INTO COURSE_SESSION(ID, DURATION, IS_ASSIGNED, IS_FIXED, COURSE_ID, ROOM_TABLE_ID, TIME_TABLE_ID, TIMING_ID) VALUES (-129, 180, FALSE, FALSE, '703087', NULL, -2, NULL)
INSERT INTO COURSE_SESSION(ID, DURATION, IS_ASSIGNED, IS_FIXED, COURSE_ID, ROOM_TABLE_ID, TIME_TABLE_ID, TIMING_ID) VALUES (-130, 90, FALSE, FALSE, '703088', NULL, -2, NULL)
INSERT INTO COURSE_SESSION(ID, DURATION, IS_ASSIGNED, IS_FIXED, COURSE_ID, ROOM_TABLE_ID, TIME_TABLE_ID, TIMING_ID) VALUES (-131, 90, FALSE, FALSE, '703088', NULL, -2, NULL)
INSERT INTO COURSE_SESSION(ID, DURATION, IS_ASSIGNED, IS_FIXED, COURSE_ID, ROOM_TABLE_ID, TIME_TABLE_ID, TIMING_ID) VALUES (-132, 90, FALSE, FALSE, '703088', NULL, -2, NULL)
INSERT INTO COURSE_SESSION(ID, DURATION, IS_ASSIGNED, IS_FIXED, COURSE_ID, ROOM_TABLE_ID, TIME_TABLE_ID, TIMING_ID) VALUES (-133, 90, FALSE, FALSE, '703088', NULL, -2, NULL)
INSERT INTO COURSE_SESSION(ID, DURATION, IS_ASSIGNED, IS_FIXED, COURSE_ID, ROOM_TABLE_ID, TIME_TABLE_ID, TIMING_ID) VALUES (-134, 90, FALSE, FALSE, '703088', NULL, -2, NULL)
INSERT INTO COURSE_SESSION(ID, DURATION, IS_ASSIGNED, IS_FIXED, COURSE_ID, ROOM_TABLE_ID, TIME_TABLE_ID, TIMING_ID) VALUES (-135, 90, FALSE, FALSE, '703088', NULL, -2, NULL)
INSERT INTO COURSE_SESSION(ID, DURATION, IS_ASSIGNED, IS_FIXED, COURSE_ID, ROOM_TABLE_ID, TIME_TABLE_ID, TIMING_ID) VALUES (-136, 180, FALSE, FALSE, '703089', NULL, -2, NULL)
INSERT INTO COURSE_SESSION(ID, DURATION, IS_ASSIGNED, IS_FIXED, COURSE_ID, ROOM_TABLE_ID, TIME_TABLE_ID, TIMING_ID) VALUES (-137, 90, FALSE, FALSE, '703090', NULL, -2, NULL)
INSERT INTO COURSE_SESSION(ID, DURATION, IS_ASSIGNED, IS_FIXED, COURSE_ID, ROOM_TABLE_ID, TIME_TABLE_ID, TIMING_ID) VALUES (-138, 90, FALSE, FALSE, '703090', NULL, -2, NULL)
INSERT INTO COURSE_SESSION(ID, DURATION, IS_ASSIGNED, IS_FIXED, COURSE_ID, ROOM_TABLE_ID, TIME_TABLE_ID, TIMING_ID) VALUES (-139, 90, FALSE, FALSE, '703090', NULL, -2, NULL)
INSERT INTO COURSE_SESSION(ID, DURATION, IS_ASSIGNED, IS_FIXED, COURSE_ID, ROOM_TABLE_ID, TIME_TABLE_ID, TIMING_ID) VALUES (-140, 90, FALSE, FALSE, '703090', NULL, -2, NULL)
INSERT INTO COURSE_SESSION(ID, DURATION, IS_ASSIGNED, IS_FIXED, COURSE_ID, ROOM_TABLE_ID, TIME_TABLE_ID, TIMING_ID) VALUES (-141, 90, FALSE, FALSE, '703090', NULL, -2, NULL)
INSERT INTO COURSE_SESSION(ID, DURATION, IS_ASSIGNED, IS_FIXED, COURSE_ID, ROOM_TABLE_ID, TIME_TABLE_ID, TIMING_ID) VALUES (-142, 90, FALSE, FALSE, '703090', NULL, -2, NULL)
INSERT INTO COURSE_SESSION(ID, DURATION, IS_ASSIGNED, IS_FIXED, COURSE_ID, ROOM_TABLE_ID, TIME_TABLE_ID, TIMING_ID) VALUES (-143, 90, FALSE, FALSE, '703090', NULL, -2, NULL)
INSERT INTO COURSE_SESSION(ID, DURATION, IS_ASSIGNED, IS_FIXED, COURSE_ID, ROOM_TABLE_ID, TIME_TABLE_ID, TIMING_ID) VALUES (-144, 180, FALSE, FALSE, '703135', NULL, -2, NULL)
INSERT INTO COURSE_SESSION(ID, DURATION, IS_ASSIGNED, IS_FIXED, COURSE_ID, ROOM_TABLE_ID, TIME_TABLE_ID, TIMING_ID) VALUES (-145, 180, FALSE, FALSE, '703141', NULL, -2, NULL)
INSERT INTO COURSE_SESSION(ID, DURATION, IS_ASSIGNED, IS_FIXED, COURSE_ID, ROOM_TABLE_ID, TIME_TABLE_ID, TIMING_ID) VALUES (-146, 180, FALSE, FALSE, '703134', NULL, -2, NULL)
INSERT INTO COURSE_SESSION(ID, DURATION, IS_ASSIGNED, IS_FIXED, COURSE_ID, ROOM_TABLE_ID, TIME_TABLE_ID, TIMING_ID) VALUES (-147, 180, FALSE, FALSE, '703136', NULL, -2, NULL)
INSERT INTO COURSE_SESSION(ID, DURATION, IS_ASSIGNED, IS_FIXED, COURSE_ID, ROOM_TABLE_ID, TIME_TABLE_ID, TIMING_ID) VALUES (-148, 90, FALSE, FALSE, '703042', NULL, -2, NULL)
INSERT INTO COURSE_SESSION(ID, DURATION, IS_ASSIGNED, IS_FIXED, COURSE_ID, ROOM_TABLE_ID, TIME_TABLE_ID, TIMING_ID) VALUES (-149, 90, FALSE, FALSE, '703081', NULL, -2, NULL)
INSERT INTO COURSE_SESSION(ID, DURATION, IS_ASSIGNED, IS_FIXED, COURSE_ID, ROOM_TABLE_ID, TIME_TABLE_ID, TIMING_ID) VALUES (-150, 180, FALSE, FALSE, '703082', NULL, -2, NULL)
INSERT INTO COURSE_SESSION(ID, DURATION, IS_ASSIGNED, IS_FIXED, COURSE_ID, ROOM_TABLE_ID, TIME_TABLE_ID, TIMING_ID) VALUES (-151, 180, FALSE, FALSE, '703133', NULL, -2, NULL)
INSERT INTO COURSE_SESSION(ID, DURATION, IS_ASSIGNED, IS_FIXED, COURSE_ID, ROOM_TABLE_ID, TIME_TABLE_ID, TIMING_ID) VALUES (-152, 180, FALSE, FALSE, '703146', NULL, -2, NULL)
INSERT INTO COURSE_SESSION(ID, DURATION, IS_ASSIGNED, IS_FIXED, COURSE_ID, ROOM_TABLE_ID, TIME_TABLE_ID, TIMING_ID) VALUES (-153, 180, FALSE, FALSE, '703083', NULL, -2, NULL)
INSERT INTO COURSE_SESSION(ID, DURATION, IS_ASSIGNED, IS_FIXED, COURSE_ID, ROOM_TABLE_ID, TIME_TABLE_ID, TIMING_ID) VALUES (-154, 90, FALSE, FALSE, '703084', NULL, -2, NULL)
INSERT INTO COURSE_SESSION(ID, DURATION, IS_ASSIGNED, IS_FIXED, COURSE_ID, ROOM_TABLE_ID, TIME_TABLE_ID, TIMING_ID) VALUES (-155, 90, FALSE, FALSE, '703084', NULL, -2, NULL)
INSERT INTO COURSE_SESSION(ID, DURATION, IS_ASSIGNED, IS_FIXED, COURSE_ID, ROOM_TABLE_ID, TIME_TABLE_ID, TIMING_ID) VALUES (-156, 90, FALSE, FALSE, '703084', NULL, -2, NULL)
INSERT INTO COURSE_SESSION(ID, DURATION, IS_ASSIGNED, IS_FIXED, COURSE_ID, ROOM_TABLE_ID, TIME_TABLE_ID, TIMING_ID) VALUES (-157, 90, FALSE, FALSE, '703084', NULL, -2, NULL)
INSERT INTO COURSE_SESSION(ID, DURATION, IS_ASSIGNED, IS_FIXED, COURSE_ID, ROOM_TABLE_ID, TIME_TABLE_ID, TIMING_ID) VALUES (-158, 90, FALSE, FALSE, '703084', NULL, -2, NULL)
INSERT INTO COURSE_SESSION(ID, DURATION, IS_ASSIGNED, IS_FIXED, COURSE_ID, ROOM_TABLE_ID, TIME_TABLE_ID, TIMING_ID) VALUES (-159, 180, FALSE, FALSE, '703085', NULL, -2, NULL)
INSERT INTO COURSE_SESSION(ID, DURATION, IS_ASSIGNED, IS_FIXED, COURSE_ID, ROOM_TABLE_ID, TIME_TABLE_ID, TIMING_ID) VALUES (-160, 90, FALSE, FALSE, '703086', NULL, -2, NULL)
INSERT INTO COURSE_SESSION(ID, DURATION, IS_ASSIGNED, IS_FIXED, COURSE_ID, ROOM_TABLE_ID, TIME_TABLE_ID, TIMING_ID) VALUES (-161, 90, FALSE, FALSE, '703086', NULL, -2, NULL)
INSERT INTO COURSE_SESSION(ID, DURATION, IS_ASSIGNED, IS_FIXED, COURSE_ID, ROOM_TABLE_ID, TIME_TABLE_ID, TIMING_ID) VALUES (-162, 90, FALSE, FALSE, '703086', NULL, -2, NULL)
INSERT INTO COURSE_SESSION(ID, DURATION, IS_ASSIGNED, IS_FIXED, COURSE_ID, ROOM_TABLE_ID, TIME_TABLE_ID, TIMING_ID) VALUES (-163, 90, FALSE, FALSE, '703086', NULL, -2, NULL)
INSERT INTO COURSE_SESSION(ID, DURATION, IS_ASSIGNED, IS_FIXED, COURSE_ID, ROOM_TABLE_ID, TIME_TABLE_ID, TIMING_ID) VALUES (-164, 90, FALSE, FALSE, '703086', NULL, -2, NULL)
INSERT INTO COURSE_SESSION(ID, DURATION, IS_ASSIGNED, IS_FIXED, COURSE_ID, ROOM_TABLE_ID, TIME_TABLE_ID, TIMING_ID) VALUES (-165, 120, FALSE, FALSE, '702631', NULL, -2, NULL)
INSERT INTO COURSE_SESSION(ID, DURATION, IS_ASSIGNED, IS_FIXED, COURSE_ID, ROOM_TABLE_ID, TIME_TABLE_ID, TIMING_ID) VALUES (-166, 45, FALSE, FALSE, '702632', NULL, -2, NULL)
INSERT INTO COURSE_SESSION(ID, DURATION, IS_ASSIGNED, IS_FIXED, COURSE_ID, ROOM_TABLE_ID, TIME_TABLE_ID, TIMING_ID) VALUES (-167, 45, FALSE, FALSE, '702632', NULL, -2, NULL)
INSERT INTO COURSE_SESSION(ID, DURATION, IS_ASSIGNED, IS_FIXED, COURSE_ID, ROOM_TABLE_ID, TIME_TABLE_ID, TIMING_ID) VALUES (-168, 45, FALSE, FALSE, '702632', NULL, -2, NULL)
INSERT INTO COURSE_SESSION(ID, DURATION, IS_ASSIGNED, IS_FIXED, COURSE_ID, ROOM_TABLE_ID, TIME_TABLE_ID, TIMING_ID) VALUES (-169, 45, FALSE, FALSE, '702632', NULL, -2, NULL)