-- users
INSERT INTO USERX (ENABLED,FIRST_NAME,LAST_NAME,PASSWORD,USERNAME,EMAIL,CREATE_USER_USERNAME,CREATE_DATE)VALUES(TRUE,'Admin','Istrator','$2a$10$TfySssuPsjcaILwgdB403O2lOCXTS8m1pLy6sONcXDS9xXmkD8dx6','admin','admin@memori.com','admin','2016-01-01 00:00:00')
INSERT INTO USERX_USERX_ROLE (USERX_USERNAME, ROLES)VALUES ('admin', 'ADMIN')
INSERT INTO USERX (ENABLED,FIRST_NAME,LAST_NAME,PASSWORD,USERNAME,EMAIL,CREATE_USER_USERNAME,CREATE_DATE)VALUES(TRUE,'Susi','Kaufgern','$2a$10$TfySssuPsjcaILwgdB403O2lOCXTS8m1pLy6sONcXDS9xXmkD8dx6','user1','susi.kaufgern@memori.com','admin','2016-01-01 00:00:00')
INSERT INTO USERX_USERX_ROLE (USERX_USERNAME, ROLES)VALUES ('user1', 'USER')
INSERT INTO USERX (ENABLED,FIRST_NAME,LAST_NAME,PASSWORD,USERNAME,EMAIL,CREATE_USER_USERNAME,CREATE_DATE)VALUES(TRUE,'Max','Mustermann','$2a$10$TfySssuPsjcaILwgdB403O2lOCXTS8m1pLy6sONcXDS9xXmkD8dx6','user2','max.mustermann@memori.com','admin','2016-01-01 00:00:00')
INSERT INTO USERX_USERX_ROLE (USERX_USERNAME, ROLES)VALUES ('user2', 'USER')
INSERT INTO USERX (ENABLED,FIRST_NAME,LAST_NAME,PASSWORD,USERNAME,EMAIL,CREATE_USER_USERNAME,CREATE_DATE)VALUES(TRUE,'Elvis','The King','$2a$10$TfySssuPsjcaILwgdB403O2lOCXTS8m1pLy6sONcXDS9xXmkD8dx6','elvis','elvis@memori.com','elvis','2016-01-01 00:00:00')
INSERT INTO USERX_USERX_ROLE (USERX_USERNAME, ROLES)VALUES ('elvis', 'ADMIN')
INSERT INTO USERX (ENABLED, FIRST_NAME, LAST_NAME, PASSWORD, USERNAME, EMAIL, CREATE_USER_USERNAME, CREATE_DATE) VALUES (TRUE, 'Sophia', 'Anderson', '$2a$10$TfySssuPsjcaILwgdB403O2lOCXTS8m1pLy6sONcXDS9xXmkD8dx6', 'sophia_anderson', 'sophia@example.com', 'admin', '2024-04-10 09:00:00')
INSERT INTO USERX_USERX_ROLE (USERX_USERNAME, ROLES) VALUES ('sophia_anderson', 'ADMIN')
INSERT INTO USERX (ENABLED, FIRST_NAME, LAST_NAME, PASSWORD, USERNAME, EMAIL, CREATE_USER_USERNAME, CREATE_DATE) VALUES (FALSE, 'Matthew', 'Clark', '$2a$10$TfySssuPsjcaILwgdB403O2lOCXTS8m1pLy6sONcXDS9xXmkD8dx6', 'matthew_clark', 'matthew@example.com', 'admin', '2024-05-15 10:30:00')
INSERT INTO USERX_USERX_ROLE (USERX_USERNAME, ROLES) VALUES ('matthew_clark', 'USER')
INSERT INTO USERX (ENABLED, FIRST_NAME, LAST_NAME, PASSWORD, USERNAME, EMAIL, CREATE_USER_USERNAME, CREATE_DATE) VALUES (TRUE, 'Emma', 'Walker', '$2a$10$TfySssuPsjcaILwgdB403O2lOCXTS8m1pLy6sONcXDS9xXmkD8dx6', 'emma_walker', 'emma@example.com', 'admin', '2024-06-20 11:45:00')
INSERT INTO USERX_USERX_ROLE (USERX_USERNAME, ROLES) VALUES ('emma_walker', 'USER')
INSERT INTO USERX (ENABLED, FIRST_NAME, LAST_NAME, PASSWORD, USERNAME, EMAIL, CREATE_USER_USERNAME, CREATE_DATE) VALUES (FALSE, 'Ethan', 'Allen', '$2a$10$TfySssuPsjcaILwgdB403O2lOCXTS8m1pLy6sONcXDS9xXmkD8dx6', 'ethan_allen', 'ethan@example.com', 'admin', '2024-07-25 12:00:00')
INSERT INTO USERX_USERX_ROLE (USERX_USERNAME, ROLES) VALUES ('ethan_allen', 'ADMIN')
INSERT INTO USERX (ENABLED, FIRST_NAME, LAST_NAME, PASSWORD, USERNAME, EMAIL, CREATE_USER_USERNAME, CREATE_DATE) VALUES (TRUE, 'Isabella', 'Young', '$2a$10$TfySssuPsjcaILwgdB403O2lOCXTS8m1pLy6sONcXDS9xXmkD8dx6', 'isabella_young', 'isabella@example.com', 'admin', '2024-08-30 13:15:00')
INSERT INTO USERX_USERX_ROLE (USERX_USERNAME, ROLES) VALUES ('isabella_young', 'USER')
INSERT INTO USERX (ENABLED, FIRST_NAME, LAST_NAME, PASSWORD, USERNAME, EMAIL, CREATE_USER_USERNAME, CREATE_DATE) VALUES (TRUE, 'Michael', 'Brown', '$2a$10$TfySssuPsjcaILwgdB403O2lOCXTS8m1pLy6sONcXDS9xXmkD8dx6', 'michael_brown_1', 'michael@example.com', 'admin', '2023-11-15 10:00:00')
INSERT INTO USERX_USERX_ROLE (USERX_USERNAME, ROLES) VALUES ('michael_brown_1', 'ADMIN')
INSERT INTO USERX (ENABLED, FIRST_NAME, LAST_NAME, PASSWORD, USERNAME, EMAIL, CREATE_USER_USERNAME, CREATE_DATE) VALUES (FALSE, 'Emily', 'Davis', '$2a$10$TfySssuPsjcaILwgdB403O2lOCXTS8m1pLy6sONcXDS9xXmkD8dx6', 'emily_davis_2', 'emily@example.com', 'admin', '2023-12-20 11:30:00')
INSERT INTO USERX_USERX_ROLE (USERX_USERNAME, ROLES) VALUES ('emily_davis_2', 'USER')
INSERT INTO USERX (ENABLED, FIRST_NAME, LAST_NAME, PASSWORD, USERNAME, EMAIL, CREATE_USER_USERNAME, CREATE_DATE) VALUES (TRUE, 'William', 'Martinez', '$2a$10$TfySssuPsjcaILwgdB403O2lOCXTS8m1pLy6sONcXDS9xXmkD8dx6', 'william_martinez_3', 'william@example.com', 'admin', '2024-01-25 13:45:00')
INSERT INTO USERX_USERX_ROLE (USERX_USERNAME, ROLES) VALUES ('william_martinez_3', 'ADMIN')
INSERT INTO USERX (ENABLED, FIRST_NAME, LAST_NAME, PASSWORD, USERNAME, EMAIL, CREATE_USER_USERNAME, CREATE_DATE) VALUES (FALSE, 'Olivia', 'Garcia', '$2a$10$TfySssuPsjcaILwgdB403O2lOCXTS8m1pLy6sONcXDS9xXmkD8dx6', 'olivia_garcia_4', 'olivia@example.com', 'admin', '2024-02-10 15:00:00')
INSERT INTO USERX_USERX_ROLE (USERX_USERNAME, ROLES) VALUES ('olivia_garcia_4', 'USER')
INSERT INTO USERX (ENABLED, FIRST_NAME, LAST_NAME, PASSWORD, USERNAME, EMAIL, CREATE_USER_USERNAME, CREATE_DATE) VALUES (TRUE, 'James', 'Rodriguez', '$2a$10$TfySssuPsjcaILwgdB403O2lOCXTS8m1pLy6sONcXDS9xXmkD8dx6', 'james_rodriguez_5', 'james@example.com', 'admin', '2024-03-05 16:15:00')
INSERT INTO USERX_USERX_ROLE (USERX_USERNAME, ROLES) VALUES ('james_rodriguez_5', 'ADMIN')

-- rooms
INSERT INTO ROOM (ID,CAPACITY,COMPUTERS_AVAILABLE)VALUES('HS A', 450, FALSE)
INSERT INTO ROOM (ID,CAPACITY,COMPUTERS_AVAILABLE)VALUES('Rechnerraum 22', 30, True)