-- users
INSERT INTO USERX (ENABLED,FIRST_NAME,LAST_NAME,PASSWORD,USERNAME,EMAIL,CREATE_USER_USERNAME,CREATE_DATE)VALUES(TRUE,'Admin','Istrator','$2a$10$TfySssuPsjcaILwgdB403O2lOCXTS8m1pLy6sONcXDS9xXmkD8dx6','admin','admin@memori.com','admin','2016-01-01 00:00:00')
INSERT INTO USERX_USERX_ROLE (USERX_USERNAME, ROLES)VALUES ('admin', 'ADMIN')
INSERT INTO USERX_USERX_ROLE (USERX_USERNAME, ROLES)VALUES ('admin', 'USER')
INSERT INTO USERX (ENABLED,FIRST_NAME,LAST_NAME,PASSWORD,USERNAME,EMAIL,CREATE_USER_USERNAME,CREATE_DATE)VALUES(TRUE,'Susi','Kaufgern','$2a$10$TfySssuPsjcaILwgdB403O2lOCXTS8m1pLy6sONcXDS9xXmkD8dx6','user1','susi.kaufgern@memori.com','admin','2016-01-01 00:00:00')
INSERT INTO USERX_USERX_ROLE (USERX_USERNAME, ROLES)VALUES ('user1', 'USER')
INSERT INTO USERX (ENABLED,FIRST_NAME,LAST_NAME,PASSWORD,USERNAME,EMAIL,CREATE_USER_USERNAME,CREATE_DATE)VALUES(TRUE,'Max','Mustermann','$2a$10$TfySssuPsjcaILwgdB403O2lOCXTS8m1pLy6sONcXDS9xXmkD8dx6','user2','max.mustermann@memori.com','admin','2016-01-01 00:00:00')
INSERT INTO USERX_USERX_ROLE (USERX_USERNAME, ROLES)VALUES ('user2', 'USER')
INSERT INTO USERX (ENABLED,FIRST_NAME,LAST_NAME,PASSWORD,USERNAME,EMAIL,CREATE_USER_USERNAME,CREATE_DATE)VALUES(TRUE,'Elvis','The King','$2a$10$TfySssuPsjcaILwgdB403O2lOCXTS8m1pLy6sONcXDS9xXmkD8dx6','elvis','elvis@memori.com','elvis','2016-01-01 00:00:00')
INSERT INTO USERX_USERX_ROLE (USERX_USERNAME, ROLES)VALUES ('elvis', 'ADMIN')
INSERT INTO USERX (ENABLED, FIRST_NAME, LAST_NAME, PASSWORD, USERNAME, EMAIL, CREATE_USER_USERNAME, CREATE_DATE) VALUES (TRUE, 'Sophia', 'Anderson', '$2a$10$TfySssuPsjcaILwgdB403O2lOCXTS8m1pLy6sONcXDS9xXmkD8dx6', 'sophia_anderson', 'sophia@example.com', 'admin', '2024-04-10 09:00:00')
INSERT INTO USERX_USERX_ROLE (USERX_USERNAME, ROLES) VALUES ('sophia_anderson', 'ADMIN')
INSERT INTO USERX (ENABLED, FIRST_NAME, LAST_NAME, PASSWORD, USERNAME, EMAIL, CREATE_USER_USERNAME, CREATE_DATE) VALUES (FALSE, 'Matthew', 'Clark', '$2a$10$TfySssuPsjcaILwgdB403O2lOCXTS8m1pLy6sONcXDS9xXmkD8dx6', 'matthew_clark', 'matthew@example.com', 'admin', '2024-05-15 10:30:00')
INSERT INTO USERX_USERX_ROLE (USERX_USERNAME, ROLES) VALUES ('matthew_clark', 'USER')
INSERT INTO USERX (ENABLED, FIRST_NAME, LAST_NAME, PASSWORD, USERNAME, EMAIL, CREATE_USER_USERNAME, CREATE_DATE) VALUES (TRUE, 'Emma', 'Walker', '$2a$10$TfySssuPsjcaILwgdB403O2lOCXTS8m1pLy6sONcXDS9xXmkD8dx6', 'emma_walker', 'emma@example.com', 'admin', '2024-06-20 11:45:00')
INSERT INTO USERX_USERX_ROLE (USERX_USERNAME, ROLES) VALUES ('emma_walker', 'USER')
INSERT INTO USERX (ENABLED, FIRST_NAME, LAST_NAME, PASSWORD, USERNAME, EMAIL, CREATE_USER_USERNAME, CREATE_DATE) VALUES (FALSE, 'Ethan', 'Allen', '$2a$10$TfySssuPsjcaILwgdB403O2lOCXTS8m1pLy6sONcXDS9xXmkD8dx6', 'ethan_allen', 'ethan@example.com', 'admin', '2024-07-25 12:00:00')
INSERT INTO USERX_USERX_ROLE (USERX_USERNAME, ROLES) VALUES ('ethan_allen', 'ADMIN')
INSERT INTO USERX (ENABLED, FIRST_NAME, LAST_NAME, PASSWORD, USERNAME, EMAIL, CREATE_USER_USERNAME, CREATE_DATE) VALUES (TRUE, 'Isabella', 'Young', '$2a$10$TfySssuPsjcaILwgdB403O2lOCXTS8m1pLy6sONcXDS9xXmkD8dx6', 'isabella_young', 'isabella@example.com', 'admin', '2024-08-30 13:15:00')
INSERT INTO USERX_USERX_ROLE (USERX_USERNAME, ROLES) VALUES ('isabella_young', 'USER')
INSERT INTO USERX (ENABLED, FIRST_NAME, LAST_NAME, PASSWORD, USERNAME, EMAIL, CREATE_USER_USERNAME, CREATE_DATE) VALUES (TRUE, 'Michael', 'Brown', '$2a$10$TfySssuPsjcaILwgdB403O2lOCXTS8m1pLy6sONcXDS9xXmkD8dx6', 'michael_brown_1', 'michael@example.com', 'admin', '2023-11-15 10:00:00')
INSERT INTO USERX_USERX_ROLE (USERX_USERNAME, ROLES) VALUES ('michael_brown_1', 'ADMIN')
INSERT INTO USERX (ENABLED, FIRST_NAME, LAST_NAME, PASSWORD, USERNAME, EMAIL, CREATE_USER_USERNAME, CREATE_DATE) VALUES (FALSE, 'Emily', 'Davis', '$2a$10$TfySssuPsjcaILwgdB403O2lOCXTS8m1pLy6sONcXDS9xXmkD8dx6', 'emily_davis_2', 'emily@example.com', 'admin', '2023-12-20 11:30:00')
INSERT INTO USERX_USERX_ROLE (USERX_USERNAME, ROLES) VALUES ('emily_davis_2', 'USER')
INSERT INTO USERX (ENABLED, FIRST_NAME, LAST_NAME, PASSWORD, USERNAME, EMAIL, CREATE_USER_USERNAME, CREATE_DATE) VALUES (TRUE, 'William', 'Martinez', '$2a$10$TfySssuPsjcaILwgdB403O2lOCXTS8m1pLy6sONcXDS9xXmkD8dx6', 'william_martinez_3', 'william@example.com', 'admin', '2024-01-25 13:45:00')
INSERT INTO USERX_USERX_ROLE (USERX_USERNAME, ROLES) VALUES ('william_martinez_3', 'ADMIN')
INSERT INTO USERX (ENABLED, FIRST_NAME, LAST_NAME, PASSWORD, USERNAME, EMAIL, CREATE_USER_USERNAME, CREATE_DATE) VALUES (FALSE, 'Olivia', 'Garcia', '$2a$10$TfySssuPsjcaILwgdB403O2lOCXTS8m1pLy6sONcXDS9xXmkD8dx6', 'olivia_garcia_4', 'olivia@example.com', 'admin', '2024-02-10 15:00:00')
INSERT INTO USERX_USERX_ROLE (USERX_USERNAME, ROLES) VALUES ('olivia_garcia_4', 'USER')
INSERT INTO USERX (ENABLED, FIRST_NAME, LAST_NAME, PASSWORD, USERNAME, EMAIL, CREATE_USER_USERNAME, CREATE_DATE) VALUES (TRUE, 'James', 'Rodriguez', '$2a$10$TfySssuPsjcaILwgdB403O2lOCXTS8m1pLy6sONcXDS9xXmkD8dx6', 'james_rodriguez_5', 'james@example.com', 'admin', '2024-03-05 16:15:00')
INSERT INTO USERX_USERX_ROLE (USERX_USERNAME, ROLES) VALUES ('james_rodriguez_5', 'ADMIN')

-- rooms (28)
INSERT INTO ROOM (ID,CAPACITY,COMPUTERS_AVAILABLE, CREATED_AT, UPDATED_AT)VALUES('HS A', 450, FALSE, '2024-04-20 12:00:00', '2024-04-20 12:00:00')
INSERT INTO ROOM (ID,CAPACITY,COMPUTERS_AVAILABLE, CREATED_AT, UPDATED_AT)VALUES('HS B', 300, FALSE, '2024-04-20 12:00:00', '2024-04-20 12:00:00')
INSERT INTO ROOM (ID,CAPACITY,COMPUTERS_AVAILABLE, CREATED_AT, UPDATED_AT)VALUES('HS C', 300, FALSE, '2024-04-20 12:00:00', '2024-04-20 12:00:00')
INSERT INTO ROOM (ID,CAPACITY,COMPUTERS_AVAILABLE, CREATED_AT, UPDATED_AT)VALUES('HS D', 150, FALSE, '2024-04-20 12:00:00', '2024-04-20 12:00:00')
INSERT INTO ROOM (ID,CAPACITY,COMPUTERS_AVAILABLE, CREATED_AT, UPDATED_AT)VALUES('HS E', 150, FALSE, '2024-04-20 12:00:00', '2024-04-20 12:00:00')
INSERT INTO ROOM (ID,CAPACITY,COMPUTERS_AVAILABLE, CREATED_AT, UPDATED_AT)VALUES('HS F', 100, FALSE, '2024-04-20 12:00:00', '2024-04-20 12:00:00')
INSERT INTO ROOM (ID,CAPACITY,COMPUTERS_AVAILABLE, CREATED_AT, UPDATED_AT)VALUES('HS G', 50, FALSE, '2024-04-20 12:00:00', '2024-04-20 12:00:00')
INSERT INTO ROOM (ID,CAPACITY,COMPUTERS_AVAILABLE, CREATED_AT, UPDATED_AT)VALUES('Rechnerraum 20', 30, TRUE, '2024-04-20 12:00:00', '2024-04-20 12:00:00')
INSERT INTO ROOM (ID,CAPACITY,COMPUTERS_AVAILABLE, CREATED_AT, UPDATED_AT)VALUES('Rechnerraum 21', 30, TRUE, '2024-04-20 12:00:00', '2024-04-20 12:00:00')
INSERT INTO ROOM (ID,CAPACITY,COMPUTERS_AVAILABLE, CREATED_AT, UPDATED_AT)VALUES('Rechnerraum 22', 30, TRUE, '2024-04-20 12:00:00', '2024-04-20 12:00:00')
INSERT INTO ROOM (ID,CAPACITY,COMPUTERS_AVAILABLE, CREATED_AT, UPDATED_AT)VALUES('Rechnerraum 23', 30, TRUE, '2024-04-20 12:00:00', '2024-04-20 12:00:00')
INSERT INTO ROOM (ID,CAPACITY,COMPUTERS_AVAILABLE, CREATED_AT, UPDATED_AT)VALUES('Rechnerraum 24', 30, TRUE, '2024-04-20 12:00:00', '2024-04-20 12:00:00')
INSERT INTO ROOM (ID,CAPACITY,COMPUTERS_AVAILABLE, CREATED_AT, UPDATED_AT)VALUES('Rechnerraum 25', 30, TRUE, '2024-04-20 12:00:00', '2024-04-20 12:00:00')
INSERT INTO ROOM (ID,CAPACITY,COMPUTERS_AVAILABLE, CREATED_AT, UPDATED_AT)VALUES('Rechnerraum 26', 30, TRUE, '2024-04-20 12:00:00', '2024-04-20 12:00:00')
INSERT INTO ROOM (ID,CAPACITY,COMPUTERS_AVAILABLE, CREATED_AT, UPDATED_AT)VALUES('Rechnerraum 27', 30, TRUE, '2024-04-20 12:00:00', '2024-04-20 12:00:00')
INSERT INTO ROOM (ID,CAPACITY,COMPUTERS_AVAILABLE, CREATED_AT, UPDATED_AT)VALUES('Rechnerraum 28', 30, TRUE, '2024-04-20 12:00:00', '2024-04-20 12:00:00')
INSERT INTO ROOM (ID,CAPACITY,COMPUTERS_AVAILABLE, CREATED_AT, UPDATED_AT)VALUES('HSB 1', 50, FALSE, '2024-04-20 12:00:00', '2024-04-20 12:00:00')
INSERT INTO ROOM (ID,CAPACITY,COMPUTERS_AVAILABLE, CREATED_AT, UPDATED_AT)VALUES('HSB 2', 50, FALSE, '2024-04-20 12:00:00', '2024-04-20 12:00:00')
INSERT INTO ROOM (ID,CAPACITY,COMPUTERS_AVAILABLE, CREATED_AT, UPDATED_AT)VALUES('HSB 4', 50, FALSE, '2024-04-20 12:00:00', '2024-04-20 12:00:00')
INSERT INTO ROOM (ID,CAPACITY,COMPUTERS_AVAILABLE, CREATED_AT, UPDATED_AT)VALUES('HSB 6', 50, FALSE, '2024-04-20 12:00:00', '2024-04-20 12:00:00')
INSERT INTO ROOM (ID,CAPACITY,COMPUTERS_AVAILABLE, CREATED_AT, UPDATED_AT)VALUES('HSB 7', 50, FALSE, '2024-04-20 12:00:00', '2024-04-20 12:00:00')
INSERT INTO ROOM (ID,CAPACITY,COMPUTERS_AVAILABLE, CREATED_AT, UPDATED_AT)VALUES('HSB 8', 50, FALSE, '2024-04-20 12:00:00', '2024-04-20 12:00:00')
INSERT INTO ROOM (ID,CAPACITY,COMPUTERS_AVAILABLE, CREATED_AT, UPDATED_AT)VALUES('HSB 9', 50, FALSE, '2024-04-20 12:00:00', '2024-04-20 12:00:00')
INSERT INTO ROOM (ID,CAPACITY,COMPUTERS_AVAILABLE, CREATED_AT, UPDATED_AT)VALUES('HSB 10', 30, FALSE, '2024-04-20 12:00:00', '2024-04-20 12:00:00')
INSERT INTO ROOM (ID,CAPACITY,COMPUTERS_AVAILABLE, CREATED_AT, UPDATED_AT)VALUES('HSB 11', 30, FALSE, '2024-04-20 12:00:00', '2024-04-20 12:00:00')
INSERT INTO ROOM (ID,CAPACITY,COMPUTERS_AVAILABLE, CREATED_AT, UPDATED_AT)VALUES('GROSSER HOERSAAL', 30, FALSE, '2024-04-20 12:00:00', '2024-04-20 12:00:00')
INSERT INTO ROOM (ID,CAPACITY,COMPUTERS_AVAILABLE, CREATED_AT, UPDATED_AT)VALUES('SR 12', 30, FALSE, '2024-04-20 12:00:00', '2024-04-20 12:00:00')
INSERT INTO ROOM (ID,CAPACITY,COMPUTERS_AVAILABLE, CREATED_AT, UPDATED_AT)VALUES('SR 13', 30, FALSE, '2024-04-20 12:00:00', '2024-04-20 12:00:00')

-- timeTables
INSERT INTO TIME_TABLE(ID, SEMESTER, ACADEMIC_YEAR, CREATED_AT, UPDATED_AT) VALUES (-1, 0, 2023, '2024-04-20 12:00:00', '2024-04-20 12:00:00')
INSERT INTO TIME_TABLE(ID, SEMESTER, ACADEMIC_YEAR, CREATED_AT, UPDATED_AT) VALUES (-2, 1, 2023, '2024-04-20 12:00:00', '2024-05-24 08:00:00')
INSERT INTO TIME_TABLE(ID, SEMESTER, ACADEMIC_YEAR, CREATED_AT, UPDATED_AT) VALUES (-3, 0, 2024, '2024-04-20 12:00:00', '2024-05-25 07:30:00')

-- roomTables of timeTable1
INSERT INTO ROOM_TABLE(ID, ROOM_ID, TIME_TABLE_ID) VALUES (-1, 'HS A', -1)
INSERT INTO ROOM_TABLE(ID, ROOM_ID, TIME_TABLE_ID) VALUES (-2, 'HS B', -1)
INSERT INTO ROOM_TABLE(ID, ROOM_ID, TIME_TABLE_ID) VALUES (-3, 'HS C', -1)
INSERT INTO ROOM_TABLE(ID, ROOM_ID, TIME_TABLE_ID) VALUES (-4, 'Rechnerraum 20', -1)
INSERT INTO ROOM_TABLE(ID, ROOM_ID, TIME_TABLE_ID) VALUES (-5, 'Rechnerraum 21', -1)

-- roomTables of timeTable2
INSERT INTO ROOM_TABLE(ID, ROOM_ID, TIME_TABLE_ID) VALUES (-6, 'HS A', -2)
INSERT INTO ROOM_TABLE(ID, ROOM_ID, TIME_TABLE_ID) VALUES (-7, 'HS B', -2)
INSERT INTO ROOM_TABLE(ID, ROOM_ID, TIME_TABLE_ID) VALUES (-8, 'HS C', -2)
INSERT INTO ROOM_TABLE(ID, ROOM_ID, TIME_TABLE_ID) VALUES (-9, 'HS D', -2)
INSERT INTO ROOM_TABLE(ID, ROOM_ID, TIME_TABLE_ID) VALUES (-10, 'HS E', -2)
INSERT INTO ROOM_TABLE(ID, ROOM_ID, TIME_TABLE_ID) VALUES (-11, 'HS F', -2)
INSERT INTO ROOM_TABLE(ID, ROOM_ID, TIME_TABLE_ID) VALUES (-12, 'HS G', -2)
INSERT INTO ROOM_TABLE(ID, ROOM_ID, TIME_TABLE_ID) VALUES (-13, 'Rechnerraum 20', -2)
INSERT INTO ROOM_TABLE(ID, ROOM_ID, TIME_TABLE_ID) VALUES (-14, 'Rechnerraum 21', -2)
INSERT INTO ROOM_TABLE(ID, ROOM_ID, TIME_TABLE_ID) VALUES (-15, 'Rechnerraum 22', -2)
INSERT INTO ROOM_TABLE(ID, ROOM_ID, TIME_TABLE_ID) VALUES (-16, 'Rechnerraum 23', -2)
INSERT INTO ROOM_TABLE(ID, ROOM_ID, TIME_TABLE_ID) VALUES (-17, 'Rechnerraum 24', -2)
INSERT INTO ROOM_TABLE(ID, ROOM_ID, TIME_TABLE_ID) VALUES (-18, 'Rechnerraum 25', -2)
INSERT INTO ROOM_TABLE(ID, ROOM_ID, TIME_TABLE_ID) VALUES (-19, 'Rechnerraum 26', -2)
INSERT INTO ROOM_TABLE(ID, ROOM_ID, TIME_TABLE_ID) VALUES (-20, 'Rechnerraum 27', -2)
INSERT INTO ROOM_TABLE(ID, ROOM_ID, TIME_TABLE_ID) VALUES (-21, 'Rechnerraum 28', -2)
INSERT INTO ROOM_TABLE(ID, ROOM_ID, TIME_TABLE_ID) VALUES (-22, 'HSB 1', -2)
INSERT INTO ROOM_TABLE(ID, ROOM_ID, TIME_TABLE_ID) VALUES (-23, 'HSB 2', -2)
INSERT INTO ROOM_TABLE(ID, ROOM_ID, TIME_TABLE_ID) VALUES (-24, 'HSB 4', -2)
INSERT INTO ROOM_TABLE(ID, ROOM_ID, TIME_TABLE_ID) VALUES (-25, 'HSB 6', -2)
INSERT INTO ROOM_TABLE(ID, ROOM_ID, TIME_TABLE_ID) VALUES (-26, 'HSB 7', -2)
INSERT INTO ROOM_TABLE(ID, ROOM_ID, TIME_TABLE_ID) VALUES (-27, 'HSB 8', -2)
INSERT INTO ROOM_TABLE(ID, ROOM_ID, TIME_TABLE_ID) VALUES (-28, 'HSB 9', -2)
INSERT INTO ROOM_TABLE(ID, ROOM_ID, TIME_TABLE_ID) VALUES (-29, 'HSB 10', -2)
INSERT INTO ROOM_TABLE(ID, ROOM_ID, TIME_TABLE_ID) VALUES (-30, 'HSB 11', -2)
INSERT INTO ROOM_TABLE(ID, ROOM_ID, TIME_TABLE_ID) VALUES (-31, 'GROSSER HOERSAAL', -2)
INSERT INTO ROOM_TABLE(ID, ROOM_ID, TIME_TABLE_ID) VALUES (-32, 'SR 12', -2)
INSERT INTO ROOM_TABLE(ID, ROOM_ID, TIME_TABLE_ID) VALUES (-33, 'SR 13', -2)

-- roomTables of timeTable3
INSERT INTO ROOM_TABLE(ID, ROOM_ID, TIME_TABLE_ID) VALUES (-34, 'HS A', -3)
INSERT INTO ROOM_TABLE(ID, ROOM_ID, TIME_TABLE_ID) VALUES (-35, 'HS B', -3)
INSERT INTO ROOM_TABLE(ID, ROOM_ID, TIME_TABLE_ID) VALUES (-36, 'HS C', -3)
INSERT INTO ROOM_TABLE(ID, ROOM_ID, TIME_TABLE_ID) VALUES (-37, 'HS D', -3)
INSERT INTO ROOM_TABLE(ID, ROOM_ID, TIME_TABLE_ID) VALUES (-38, 'HS E', -3)
INSERT INTO ROOM_TABLE(ID, ROOM_ID, TIME_TABLE_ID) VALUES (-39, 'HS F', -3)
INSERT INTO ROOM_TABLE(ID, ROOM_ID, TIME_TABLE_ID) VALUES (-40, 'HS G', -3)
INSERT INTO ROOM_TABLE(ID, ROOM_ID, TIME_TABLE_ID) VALUES (-41, 'Rechnerraum 20', -3)
INSERT INTO ROOM_TABLE(ID, ROOM_ID, TIME_TABLE_ID) VALUES (-42, 'Rechnerraum 21', -3)
INSERT INTO ROOM_TABLE(ID, ROOM_ID, TIME_TABLE_ID) VALUES (-43, 'Rechnerraum 22', -3)
INSERT INTO ROOM_TABLE(ID, ROOM_ID, TIME_TABLE_ID) VALUES (-44, 'Rechnerraum 23', -3)
INSERT INTO ROOM_TABLE(ID, ROOM_ID, TIME_TABLE_ID) VALUES (-45, 'Rechnerraum 24', -3)
INSERT INTO ROOM_TABLE(ID, ROOM_ID, TIME_TABLE_ID) VALUES (-46, 'Rechnerraum 25', -3)
INSERT INTO ROOM_TABLE(ID, ROOM_ID, TIME_TABLE_ID) VALUES (-47, 'Rechnerraum 26', -3)
INSERT INTO ROOM_TABLE(ID, ROOM_ID, TIME_TABLE_ID) VALUES (-48, 'Rechnerraum 27', -3)
INSERT INTO ROOM_TABLE(ID, ROOM_ID, TIME_TABLE_ID) VALUES (-49, 'Rechnerraum 28', -3)
INSERT INTO ROOM_TABLE(ID, ROOM_ID, TIME_TABLE_ID) VALUES (-50, 'HSB 1', -3)
INSERT INTO ROOM_TABLE(ID, ROOM_ID, TIME_TABLE_ID) VALUES (-51, 'HSB 2', -3)
INSERT INTO ROOM_TABLE(ID, ROOM_ID, TIME_TABLE_ID) VALUES (-52, 'HSB 4', -3)
INSERT INTO ROOM_TABLE(ID, ROOM_ID, TIME_TABLE_ID) VALUES (-53, 'HSB 6', -3)
INSERT INTO ROOM_TABLE(ID, ROOM_ID, TIME_TABLE_ID) VALUES (-54, 'HSB 7', -3)
INSERT INTO ROOM_TABLE(ID, ROOM_ID, TIME_TABLE_ID) VALUES (-55, 'HSB 8', -3)
INSERT INTO ROOM_TABLE(ID, ROOM_ID, TIME_TABLE_ID) VALUES (-56, 'HSB 9', -3)
INSERT INTO ROOM_TABLE(ID, ROOM_ID, TIME_TABLE_ID) VALUES (-57, 'HSB 10', -3)
INSERT INTO ROOM_TABLE(ID, ROOM_ID, TIME_TABLE_ID) VALUES (-58, 'HSB 11', -3)
INSERT INTO ROOM_TABLE(ID, ROOM_ID, TIME_TABLE_ID) VALUES (-59, 'GROSSER HOERSAAL', -3)
INSERT INTO ROOM_TABLE(ID, ROOM_ID, TIME_TABLE_ID) VALUES (-60, 'SR 12', -3)
INSERT INTO ROOM_TABLE(ID, ROOM_ID, TIME_TABLE_ID) VALUES (-61, 'SR 13', -3)

-- courses (56)
INSERT INTO COURSE (ID, NAME, COURSE_TYPE, LECTURER, SEMESTER, DURATION, NUMBER_OF_PARTICIPANTS, COMPUTERS_NECESSARY, CREATED_AT, UPDATED_AT)VALUES('703003', 'Einführung in die Programmierung', 0, 'Michael Felderer', 1, 180, 300, FALSE, '2024-04-20 12:00:01', '2024-04-20 12:00:01')
INSERT INTO COURSE (ID, NAME, COURSE_TYPE, LECTURER, SEMESTER, DURATION, NUMBER_OF_PARTICIPANTS, COMPUTERS_NECESSARY, CREATED_AT, UPDATED_AT)VALUES('703004', 'Einführung in die Programmierung', 2, 'Lukas Kaltenbrunner', 1, 90, 25, TRUE, '2024-04-20 12:00:00', '2024-04-20 12:00:00')
INSERT INTO COURSE (ID, NAME, COURSE_TYPE, LECTURER, SEMESTER, DURATION, NUMBER_OF_PARTICIPANTS, COMPUTERS_NECESSARY, CREATED_AT, UPDATED_AT)VALUES('703025', 'Funktionale Programmierung', 2, 'Rene Thiemann', 1, 45, 25, TRUE, '2024-04-20 12:00:00', '2024-04-20 12:00:00')
INSERT INTO COURSE (ID, NAME, COURSE_TYPE, LECTURER, SEMESTER, DURATION, NUMBER_OF_PARTICIPANTS, COMPUTERS_NECESSARY, CREATED_AT, UPDATED_AT)VALUES('703024', 'Funktionale Programmierung', 0, 'Rene Thiemann', 1, 120, 300, FALSE, '2024-04-20 12:00:00', '2024-04-20 12:00:00')
INSERT INTO COURSE (ID, NAME, COURSE_TYPE, LECTURER, SEMESTER, DURATION, NUMBER_OF_PARTICIPANTS, COMPUTERS_NECESSARY, CREATED_AT, UPDATED_AT)VALUES('703063', 'Rechnerarchitektur', 2, 'Rainer Böhme', 1, 45, 25, FALSE, '2024-04-20 12:00:00', '2024-04-20 12:00:00')
INSERT INTO COURSE (ID, NAME, COURSE_TYPE, LECTURER, SEMESTER, DURATION, NUMBER_OF_PARTICIPANTS, COMPUTERS_NECESSARY, CREATED_AT, UPDATED_AT)VALUES('703064', 'Rechnerarchitektur', 0, 'Rainer Böhme', 1, 120, 300, FALSE, '2024-04-20 12:00:00', '2024-04-20 12:00:00')
INSERT INTO COURSE (ID, NAME, COURSE_TYPE, LECTURER, SEMESTER, DURATION, NUMBER_OF_PARTICIPANTS, COMPUTERS_NECESSARY, CREATED_AT, UPDATED_AT)VALUES('703062', 'Einführung in die theoretische Informatik', 4, 'Jamie Hochrainer', 1, 45, 25, FALSE, '2024-04-20 12:00:00', '2024-04-20 12:00:00')
INSERT INTO COURSE (ID, NAME, COURSE_TYPE, LECTURER, SEMESTER, DURATION, NUMBER_OF_PARTICIPANTS, COMPUTERS_NECESSARY, CREATED_AT, UPDATED_AT)VALUES('703007', 'Einführung in die theoretische Informatik', 0, 'Georg Moser', 1, 120, 300, FALSE, '2024-04-20 12:00:00', '2024-04-20 12:00:00')
INSERT INTO COURSE (ID, NAME, COURSE_TYPE, LECTURER, SEMESTER, DURATION, NUMBER_OF_PARTICIPANTS, COMPUTERS_NECESSARY, CREATED_AT, UPDATED_AT)VALUES('703098', 'Lineare Algebra', 2, 'Tim Netzer', 1, 45, 25, FALSE, '2024-04-20 12:00:00', '2024-04-20 12:00:00')
INSERT INTO COURSE (ID, NAME, COURSE_TYPE, LECTURER, SEMESTER, DURATION, NUMBER_OF_PARTICIPANTS, COMPUTERS_NECESSARY, CREATED_AT, UPDATED_AT)VALUES('703099', 'Lineare Algebra', 0, 'Tim Netzer', 1, 120, 300, FALSE, '2024-04-20 12:00:00', '2024-04-20 12:00:00')

INSERT INTO COURSE (ID, NAME, COURSE_TYPE, LECTURER, SEMESTER, DURATION, NUMBER_OF_PARTICIPANTS, COMPUTERS_NECESSARY, CREATED_AT, UPDATED_AT)VALUES('703016', 'Programmiermethodik', 2, 'Simon Priller', 2, 90, 25, TRUE, '2024-04-20 12:00:00', '2024-04-20 12:00:00')
INSERT INTO COURSE (ID, NAME, COURSE_TYPE, LECTURER, SEMESTER, DURATION, NUMBER_OF_PARTICIPANTS, COMPUTERS_NECESSARY, CREATED_AT, UPDATED_AT)VALUES('703017', 'Programmiermethodik', 0, 'Lukas Kaltenbrunner', 2, 180, 300, FALSE, '2024-04-20 12:00:00', '2024-04-20 12:00:00')
INSERT INTO COURSE (ID, NAME, COURSE_TYPE, LECTURER, SEMESTER, DURATION, NUMBER_OF_PARTICIPANTS, COMPUTERS_NECESSARY, CREATED_AT, UPDATED_AT)VALUES('703066', 'Angewandte Mathematik für die Informatik', 2, 'Niko Rauch', 2, 90, 25, FALSE, '2024-04-20 12:00:00', '2024-04-20 12:00:00')
INSERT INTO COURSE (ID, NAME, COURSE_TYPE, LECTURER, SEMESTER, DURATION, NUMBER_OF_PARTICIPANTS, COMPUTERS_NECESSARY, CREATED_AT, UPDATED_AT)VALUES('703065', 'Angewandte Mathematik für die Informatik', 0, 'Michael Harders', 2, 180, 300, FALSE, '2024-04-20 12:00:00', '2024-04-20 12:00:00')
INSERT INTO COURSE (ID, NAME, COURSE_TYPE, LECTURER, SEMESTER, DURATION, NUMBER_OF_PARTICIPANTS, COMPUTERS_NECESSARY, CREATED_AT, UPDATED_AT)VALUES('703011', 'Algorithmen und Datenstrukturen', 2, 'Laurenz Wischounig', 2, 90, 25, FALSE, '2024-04-20 12:00:00', '2024-04-20 12:00:00')
INSERT INTO COURSE (ID, NAME, COURSE_TYPE, LECTURER, SEMESTER, DURATION, NUMBER_OF_PARTICIPANTS, COMPUTERS_NECESSARY, CREATED_AT, UPDATED_AT)VALUES('703010', 'Algorithmen und Datenstrukturen', 0, 'Justus Piater', 2, 180, 300, FALSE, '2024-04-20 12:00:00', '2024-04-20 12:00:00')
INSERT INTO COURSE (ID, NAME, COURSE_TYPE, LECTURER, SEMESTER, DURATION, NUMBER_OF_PARTICIPANTS, COMPUTERS_NECESSARY, CREATED_AT, UPDATED_AT)VALUES('703012', 'Betriebssysteme', 2, 'Markus Reiter', 2, 90, 25, TRUE, '2024-04-20 12:00:00', '2024-04-20 12:00:00')
INSERT INTO COURSE (ID, NAME, COURSE_TYPE, LECTURER, SEMESTER, DURATION, NUMBER_OF_PARTICIPANTS, COMPUTERS_NECESSARY, CREATED_AT, UPDATED_AT)VALUES('703013', 'Betriebssysteme', 0, 'Univ.-Prof. Dipl.-Ing. Dr. Thomas Fahringer', 2, 180, 300, FALSE, '2024-04-20 12:00:00', '2024-04-20 12:00:00')

INSERT INTO COURSE (ID, NAME, COURSE_TYPE, LECTURER, SEMESTER, DURATION, NUMBER_OF_PARTICIPANTS, COMPUTERS_NECESSARY, CREATED_AT, UPDATED_AT)VALUES('703020', 'Datenbanksysteme', 0, 'Günther Specht', 3, 180, 150, FALSE, '2024-04-20 12:00:00', '2024-04-20 12:00:00')
INSERT INTO COURSE (ID, NAME, COURSE_TYPE, LECTURER, SEMESTER, DURATION, NUMBER_OF_PARTICIPANTS, COMPUTERS_NECESSARY, CREATED_AT, UPDATED_AT)VALUES('703021', 'Datenbanksysteme', 2, 'David Stern', 3, 90, 25, TRUE, '2024-04-20 12:00:00', '2024-04-20 12:00:00')
INSERT INTO COURSE (ID, NAME, COURSE_TYPE, LECTURER, SEMESTER, DURATION, NUMBER_OF_PARTICIPANTS, COMPUTERS_NECESSARY, CREATED_AT, UPDATED_AT)VALUES('703033', 'Rechnernetze und Internettechnik', 0, 'Jan Beutel', 3, 180, 150, FALSE, '2024-04-20 12:00:00', '2024-04-20 12:00:00')
INSERT INTO COURSE (ID, NAME, COURSE_TYPE, LECTURER, SEMESTER, DURATION, NUMBER_OF_PARTICIPANTS, COMPUTERS_NECESSARY, CREATED_AT, UPDATED_AT)VALUES('703034', 'Rechnernetze und Internettechnik', 2, 'Niko Rossberg', 3, 90, 25, TRUE, '2024-04-20 12:00:00', '2024-04-20 12:00:00')
INSERT INTO COURSE (ID, NAME, COURSE_TYPE, LECTURER, SEMESTER, DURATION, NUMBER_OF_PARTICIPANTS, COMPUTERS_NECESSARY, CREATED_AT, UPDATED_AT)VALUES('703067', 'Daten und Wahrscheinlichkeiten', 0, 'Adam Jatowt', 3, 120, 150, FALSE, '2024-04-20 12:00:00', '2024-04-20 12:00:00')
INSERT INTO COURSE (ID, NAME, COURSE_TYPE, LECTURER, SEMESTER, DURATION, NUMBER_OF_PARTICIPANTS, COMPUTERS_NECESSARY, CREATED_AT, UPDATED_AT)VALUES('703068', 'Daten und Wahrscheinlichkeiten', 2, 'Nadja Gruber', 3, 45, 25, TRUE, '2024-04-20 12:00:00', '2024-04-20 12:00:00')
INSERT INTO COURSE (ID, NAME, COURSE_TYPE, LECTURER, SEMESTER, DURATION, NUMBER_OF_PARTICIPANTS, COMPUTERS_NECESSARY, CREATED_AT, UPDATED_AT)VALUES('703069', 'Diskrete Strukturen', 0, 'Markus Eberl', 3, 120, 150, FALSE, '2024-04-20 12:00:00', '2024-04-20 12:00:00')
INSERT INTO COURSE (ID, NAME, COURSE_TYPE, LECTURER, SEMESTER, DURATION, NUMBER_OF_PARTICIPANTS, COMPUTERS_NECESSARY, CREATED_AT, UPDATED_AT)VALUES('703070', 'Diskrete Strukturen', 2, 'Charlie Sheen', 3, 45, 25, FALSE, '2024-04-20 12:00:00', '2024-04-20 12:00:00')
INSERT INTO COURSE (ID, NAME, COURSE_TYPE, LECTURER, SEMESTER, DURATION, NUMBER_OF_PARTICIPANTS, COMPUTERS_NECESSARY, CREATED_AT, UPDATED_AT)VALUES('703071', 'Softwarearchitektur', 0, 'Clemens Sauerwein', 3, 180, 150, FALSE, '2024-04-20 12:00:00', '2024-04-20 12:00:00')
INSERT INTO COURSE (ID, NAME, COURSE_TYPE, LECTURER, SEMESTER, DURATION, NUMBER_OF_PARTICIPANTS, COMPUTERS_NECESSARY, CREATED_AT, UPDATED_AT)VALUES('703072', 'Softwarearchitektur', 2, 'Michael Breu', 3, 90, 25, TRUE, '2024-04-20 12:00:00', '2024-04-20 12:00:00')

INSERT INTO COURSE (ID, NAME, COURSE_TYPE, LECTURER, SEMESTER, DURATION, NUMBER_OF_PARTICIPANTS, COMPUTERS_NECESSARY, CREATED_AT, UPDATED_AT)VALUES('703026', 'Logik', 0, 'Aart Middeldorp', 4, 180, 150, FALSE, '2024-04-20 12:00:00', '2024-04-20 12:00:00')
INSERT INTO COURSE (ID, NAME, COURSE_TYPE, LECTURER, SEMESTER, DURATION, NUMBER_OF_PARTICIPANTS, COMPUTERS_NECESSARY, CREATED_AT, UPDATED_AT)VALUES('703027', 'Logik', 2, 'Fabian Mitterwallner', 4, 90, 25, FALSE, '2024-04-20 12:00:00', '2024-04-20 12:00:00')
INSERT INTO COURSE (ID, NAME, COURSE_TYPE, LECTURER, SEMESTER, DURATION, NUMBER_OF_PARTICIPANTS, COMPUTERS_NECESSARY, CREATED_AT, UPDATED_AT)VALUES('703075', 'Maschinelles Lernen', 0, 'Samuelle Tosatto', 4, 180, 150, FALSE, '2024-04-20 12:00:00', '2024-04-20 12:00:00')
INSERT INTO COURSE (ID, NAME, COURSE_TYPE, LECTURER, SEMESTER, DURATION, NUMBER_OF_PARTICIPANTS, COMPUTERS_NECESSARY, CREATED_AT, UPDATED_AT)VALUES('703076', 'Maschinelles Lernen', 2, 'Sayantan Auddy', 4, 90, 25, TRUE, '2024-04-20 12:00:00', '2024-04-20 12:00:00')
INSERT INTO COURSE (ID, NAME, COURSE_TYPE, LECTURER, SEMESTER, DURATION, NUMBER_OF_PARTICIPANTS, COMPUTERS_NECESSARY, CREATED_AT, UPDATED_AT)VALUES('703077', 'Parallele Programmierung', 0, 'Thomas Fahringer', 4, 120, 150, FALSE, '2024-04-20 12:00:00', '2024-04-20 12:00:00')
INSERT INTO COURSE (ID, NAME, COURSE_TYPE, LECTURER, SEMESTER, DURATION, NUMBER_OF_PARTICIPANTS, COMPUTERS_NECESSARY, CREATED_AT, UPDATED_AT)VALUES('703078', 'Parallele Programmierung', 2, 'Simon Lechner', 4, 45, 25, TRUE, '2024-04-20 12:00:00', '2024-04-20 12:00:00')
INSERT INTO COURSE (ID, NAME, COURSE_TYPE, LECTURER, SEMESTER, DURATION, NUMBER_OF_PARTICIPANTS, COMPUTERS_NECESSARY, CREATED_AT, UPDATED_AT)VALUES('703079', 'Software Engineering', 0, 'Ruth Breu', 4, 120, 150, FALSE, '2024-04-20 12:00:00', '2024-04-20 12:00:00')
INSERT INTO COURSE (ID, NAME, COURSE_TYPE, LECTURER, SEMESTER, DURATION, NUMBER_OF_PARTICIPANTS, COMPUTERS_NECESSARY, CREATED_AT, UPDATED_AT)VALUES('703080', 'Software Engineering', 2, 'Anna Jäger', 4, 90, 25, TRUE, '2024-04-20 12:00:00', '2024-04-20 12:00:00')
INSERT INTO COURSE (ID, NAME, COURSE_TYPE, LECTURER, SEMESTER, DURATION, NUMBER_OF_PARTICIPANTS, COMPUTERS_NECESSARY, CREATED_AT, UPDATED_AT)VALUES('703073', 'Einführung in das wissenschaftliche Arbeiten', 1, 'Thomas Fahringer', 4, 90, 25, TRUE, '2024-04-20 12:00:00', '2024-04-20 12:00:00')

INSERT INTO COURSE (ID, NAME, COURSE_TYPE, LECTURER, SEMESTER, DURATION, NUMBER_OF_PARTICIPANTS, COMPUTERS_NECESSARY, CREATED_AT, UPDATED_AT)VALUES('703087', 'Verteilte Systeme', 0, 'Juan Aznar Poveda', 5, 180, 150, FALSE, '2024-04-20 12:00:00', '2024-04-20 12:00:00')
INSERT INTO COURSE (ID, NAME, COURSE_TYPE, LECTURER, SEMESTER, DURATION, NUMBER_OF_PARTICIPANTS, COMPUTERS_NECESSARY, CREATED_AT, UPDATED_AT)VALUES('703088', 'Verteilte Systeme', 2, 'Juan Aznar Poveda', 5, 90, 25, TRUE, '2024-04-20 12:00:00', '2024-04-20 12:00:00')
INSERT INTO COURSE (ID, NAME, COURSE_TYPE, LECTURER, SEMESTER, DURATION, NUMBER_OF_PARTICIPANTS, COMPUTERS_NECESSARY, CREATED_AT, UPDATED_AT)VALUES('703089', 'Visual Computing', 0, 'Michael Harders', 5, 180, 150, FALSE, '2024-04-20 12:00:00', '2024-04-20 12:00:00')
INSERT INTO COURSE (ID, NAME, COURSE_TYPE, LECTURER, SEMESTER, DURATION, NUMBER_OF_PARTICIPANTS, COMPUTERS_NECESSARY, CREATED_AT, UPDATED_AT)VALUES('703090', 'Visual Computing', 2, 'Niko Rauch', 5, 90, 25, TRUE, '2024-04-20 12:00:00', '2024-04-20 12:00:00')
INSERT INTO COURSE (ID, NAME, COURSE_TYPE, LECTURER, SEMESTER, DURATION, NUMBER_OF_PARTICIPANTS, COMPUTERS_NECESSARY, CREATED_AT, UPDATED_AT)VALUES('703135', 'Einführung in die Robotik', 1, 'Samuelle Tosatto', 5, 180, 25, FALSE, '2024-04-20 12:00:00', '2024-04-20 12:00:00')
INSERT INTO COURSE (ID, NAME, COURSE_TYPE, LECTURER, SEMESTER, DURATION, NUMBER_OF_PARTICIPANTS, COMPUTERS_NECESSARY, CREATED_AT, UPDATED_AT)VALUES('703141', 'Termersetzungssysteme', 1, 'Fabian Mitterwallner', 5, 180, 35, FALSE, '2024-04-20 12:00:00', '2024-04-20 12:00:00')
INSERT INTO COURSE (ID, NAME, COURSE_TYPE, LECTURER, SEMESTER, DURATION, NUMBER_OF_PARTICIPANTS, COMPUTERS_NECESSARY, CREATED_AT, UPDATED_AT)VALUES('703134', 'Deep Learning', 1, 'Antonio Jose Rodriguez-Sanchez', 5, 180, 25, TRUE, '2024-04-20 12:00:00', '2024-04-20 12:00:00')
INSERT INTO COURSE (ID, NAME, COURSE_TYPE, LECTURER, SEMESTER, DURATION, NUMBER_OF_PARTICIPANTS, COMPUTERS_NECESSARY, CREATED_AT, UPDATED_AT)VALUES('703136', 'Mensch Maschine Interaktion', 1, 'Pascal Knierim', 5, 180, 25, FALSE, '2024-04-20 12:00:00', '2024-04-20 12:00:00')
INSERT INTO COURSE (ID, NAME, COURSE_TYPE, LECTURER, SEMESTER, DURATION, NUMBER_OF_PARTICIPANTS, COMPUTERS_NECESSARY, CREATED_AT, UPDATED_AT)VALUES('703042', 'Ethische Aspekte der Informatik', 0, 'Wilhelm Guggenberger', 5, 90, 150, FALSE, '2024-04-20 12:00:00', '2024-04-20 12:00:00')

INSERT INTO COURSE (ID, NAME, COURSE_TYPE, LECTURER, SEMESTER, DURATION, NUMBER_OF_PARTICIPANTS, COMPUTERS_NECESSARY, CREATED_AT, UPDATED_AT)VALUES('703081', 'Vertiefunsseminar', 3, 'Günther Specht', 6, 90, 25, FALSE, '2024-04-20 12:00:00', '2024-04-20 12:00:00')
INSERT INTO COURSE (ID, NAME, COURSE_TYPE, LECTURER, SEMESTER, DURATION, NUMBER_OF_PARTICIPANTS, COMPUTERS_NECESSARY, CREATED_AT, UPDATED_AT)VALUES('703082', 'Bachelorseminar', 3, 'All Profs', 6, 180, 40, FALSE, '2024-04-20 12:00:00', '2024-04-20 12:00:00')
INSERT INTO COURSE (ID, NAME, COURSE_TYPE, LECTURER, SEMESTER, DURATION, NUMBER_OF_PARTICIPANTS, COMPUTERS_NECESSARY, CREATED_AT, UPDATED_AT)VALUES('703133', 'Prinzipien von Blockchain-Systemen', 1, 'Rainer Böhme', 6, 180, 25, FALSE, '2024-04-20 12:00:00', '2024-04-20 12:00:00')
INSERT INTO COURSE (ID, NAME, COURSE_TYPE, LECTURER, SEMESTER, DURATION, NUMBER_OF_PARTICIPANTS, COMPUTERS_NECESSARY, CREATED_AT, UPDATED_AT)VALUES('703146', 'Performance-oriented Computing', 1, 'Peter Thoman', 6, 180, 25, TRUE, '2024-04-20 12:00:00', '2024-04-20 12:00:00')
INSERT INTO COURSE (ID, NAME, COURSE_TYPE, LECTURER, SEMESTER, DURATION, NUMBER_OF_PARTICIPANTS, COMPUTERS_NECESSARY, CREATED_AT, UPDATED_AT)VALUES('703083', 'Programmverifikation', 0, 'Rene Thiemann', 6, 180, 150, FALSE, '2024-04-20 12:00:00', '2024-04-20 12:00:00')
INSERT INTO COURSE (ID, NAME, COURSE_TYPE, LECTURER, SEMESTER, DURATION, NUMBER_OF_PARTICIPANTS, COMPUTERS_NECESSARY, CREATED_AT, UPDATED_AT)VALUES('703084', 'Programmverifikation', 2, 'Rene Thiemann', 6, 90, 25, FALSE, '2024-04-20 12:00:00', '2024-04-20 12:00:00')
INSERT INTO COURSE (ID, NAME, COURSE_TYPE, LECTURER, SEMESTER, DURATION, NUMBER_OF_PARTICIPANTS, COMPUTERS_NECESSARY, CREATED_AT, UPDATED_AT)VALUES('703085', 'Softwarequalität', 0, 'Harald Victor Schweiger', 6, 180, 150, FALSE, '2024-04-20 12:00:00', '2024-04-20 12:00:00')
INSERT INTO COURSE (ID, NAME, COURSE_TYPE, LECTURER, SEMESTER, DURATION, NUMBER_OF_PARTICIPANTS, COMPUTERS_NECESSARY, CREATED_AT, UPDATED_AT)VALUES('703086', 'Softwarequalität', 2, 'Harald Victor Schweiger', 6, 90, 25, FALSE, '2024-04-20 12:00:00', '2024-04-20 12:00:00')
INSERT INTO COURSE (ID, NAME, COURSE_TYPE, LECTURER, SEMESTER, DURATION, NUMBER_OF_PARTICIPANTS, COMPUTERS_NECESSARY, CREATED_AT, UPDATED_AT)VALUES('702631', 'Informationstheorie und Kryptologie', 0, 'Arne Dür', 6, 120, 150, FALSE, '2024-04-20 12:00:00', '2024-04-20 12:00:00')
INSERT INTO COURSE (ID, NAME, COURSE_TYPE, LECTURER, SEMESTER, DURATION, NUMBER_OF_PARTICIPANTS, COMPUTERS_NECESSARY, CREATED_AT, UPDATED_AT)VALUES('702632', 'Informationstheorie und Kryptologie', 2, 'Arne Dür', 6, 45, 25, FALSE, '2024-04-20 12:00:00', '2024-04-20 12:00:00')

-- timingConstraints for roomTables (10)
INSERT INTO TIMING(ID, DAY_OF_THE_WEEK, START_TIME, END_TIME, COURSE_ID, ROOM_TABLE_ID) VALUES (-1, 0, '08:00:00', '10:00:00', NULL, -1)
INSERT INTO TIMING(ID, DAY_OF_THE_WEEK, START_TIME, END_TIME, COURSE_ID, ROOM_TABLE_ID) VALUES (-2, 1, '08:00:00', '10:00:00', NULL, -1)
INSERT INTO TIMING(ID, DAY_OF_THE_WEEK, START_TIME, END_TIME, COURSE_ID, ROOM_TABLE_ID) VALUES (-3, 0, '08:00:00', '10:00:00', NULL, -2)
INSERT INTO TIMING(ID, DAY_OF_THE_WEEK, START_TIME, END_TIME, COURSE_ID, ROOM_TABLE_ID) VALUES (-4, 0, '08:00:00', '10:00:00', NULL, -3)
INSERT INTO TIMING(ID, DAY_OF_THE_WEEK, START_TIME, END_TIME, COURSE_ID, ROOM_TABLE_ID) VALUES (-5, 0, '16:00:00', '18:00:00', NULL, -4)
INSERT INTO TIMING(ID, DAY_OF_THE_WEEK, START_TIME, END_TIME, COURSE_ID, ROOM_TABLE_ID) VALUES (-6, 1, '16:00:00', '18:00:00', NULL, -1)
INSERT INTO TIMING(ID, DAY_OF_THE_WEEK, START_TIME, END_TIME, COURSE_ID, ROOM_TABLE_ID) VALUES (-7, 2, '08:00:00', '10:00:00', NULL, -1)
INSERT INTO TIMING(ID, DAY_OF_THE_WEEK, START_TIME, END_TIME, COURSE_ID, ROOM_TABLE_ID) VALUES (-8, 3, '08:00:00', '10:00:00', NULL, -2)
INSERT INTO TIMING(ID, DAY_OF_THE_WEEK, START_TIME, END_TIME, COURSE_ID, ROOM_TABLE_ID) VALUES (-9, 4, '08:00:00', '10:00:00', NULL, -1)
INSERT INTO TIMING(ID, DAY_OF_THE_WEEK, START_TIME, END_TIME, COURSE_ID, ROOM_TABLE_ID) VALUES (-10, 2, '08:00:00', '10:00:00', NULL, -4)

-- timingConstraints for courses (10)
INSERT INTO TIMING(ID, DAY_OF_THE_WEEK, START_TIME, END_TIME, COURSE_ID, ROOM_TABLE_ID) VALUES (-11, 0, '08:00:00', '10:00:00', '703010', NULL)
INSERT INTO TIMING(ID, DAY_OF_THE_WEEK, START_TIME, END_TIME, COURSE_ID, ROOM_TABLE_ID) VALUES (-12, 1, '08:00:00', '10:00:00', '703011', NULL)
INSERT INTO TIMING(ID, DAY_OF_THE_WEEK, START_TIME, END_TIME, COURSE_ID, ROOM_TABLE_ID) VALUES (-13, 2, '08:00:00', '10:00:00', '703012', NULL)
INSERT INTO TIMING(ID, DAY_OF_THE_WEEK, START_TIME, END_TIME, COURSE_ID, ROOM_TABLE_ID) VALUES (-14, 3, '08:00:00', '10:00:00', '703013', NULL)
INSERT INTO TIMING(ID, DAY_OF_THE_WEEK, START_TIME, END_TIME, COURSE_ID, ROOM_TABLE_ID) VALUES (-15, 4, '08:00:00', '18:00:00', '703024', NULL)
INSERT INTO TIMING(ID, DAY_OF_THE_WEEK, START_TIME, END_TIME, COURSE_ID, ROOM_TABLE_ID) VALUES (-16, 1, '08:00:00', '18:00:00', '703025', NULL)
INSERT INTO TIMING(ID, DAY_OF_THE_WEEK, START_TIME, END_TIME, COURSE_ID, ROOM_TABLE_ID) VALUES (-17, 2, '12:00:00', '13:00:00', '703062', NULL)
INSERT INTO TIMING(ID, DAY_OF_THE_WEEK, START_TIME, END_TIME, COURSE_ID, ROOM_TABLE_ID) VALUES (-18, 3, '13:00:00', '14:00:00', '703098', NULL)
INSERT INTO TIMING(ID, DAY_OF_THE_WEEK, START_TIME, END_TIME, COURSE_ID, ROOM_TABLE_ID) VALUES (-19, 2, '09:00:00', '10:30:00', '703099', NULL)
INSERT INTO TIMING(ID, DAY_OF_THE_WEEK, START_TIME, END_TIME, COURSE_ID, ROOM_TABLE_ID) VALUES (-20, 1, '12:00:00', '13:00:00', '703010', NULL)

-- timing for assigned courseSession of timeTable1
INSERT INTO TIMING(ID, DAY_OF_THE_WEEK, START_TIME, END_TIME, COURSE_ID, ROOM_TABLE_ID) VALUES (-21, 0, '08:00:00', '10:00:00', NULL , NULL)

-- timing for assigned courseSession of timeTable3
INSERT INTO TIMING(ID, DAY_OF_THE_WEEK, START_TIME, END_TIME, COURSE_ID, ROOM_TABLE_ID) VALUES (-22, 2, '15:00:00', '18:00:00', NULL , NULL)
INSERT INTO TIMING(ID, DAY_OF_THE_WEEK, START_TIME, END_TIME, COURSE_ID, ROOM_TABLE_ID) VALUES (-23, 3, '17:00:00', '18:30:00', NULL , NULL)
INSERT INTO TIMING(ID, DAY_OF_THE_WEEK, START_TIME, END_TIME, COURSE_ID, ROOM_TABLE_ID) VALUES (-24, 3, '13:00:00', '14:30:00', NULL , NULL)
INSERT INTO TIMING(ID, DAY_OF_THE_WEEK, START_TIME, END_TIME, COURSE_ID, ROOM_TABLE_ID) VALUES (-25, 0, '18:00:00', '19:30:00', NULL , NULL)
INSERT INTO TIMING(ID, DAY_OF_THE_WEEK, START_TIME, END_TIME, COURSE_ID, ROOM_TABLE_ID) VALUES (-26, 1, '17:00:00', '18:30:00', NULL , NULL)
INSERT INTO TIMING(ID, DAY_OF_THE_WEEK, START_TIME, END_TIME, COURSE_ID, ROOM_TABLE_ID) VALUES (-27, 3, '10:00:00', '11:30:00', NULL , NULL)
INSERT INTO TIMING(ID, DAY_OF_THE_WEEK, START_TIME, END_TIME, COURSE_ID, ROOM_TABLE_ID) VALUES (-28, 3, '10:00:00', '11:30:00', NULL , NULL)
INSERT INTO TIMING(ID, DAY_OF_THE_WEEK, START_TIME, END_TIME, COURSE_ID, ROOM_TABLE_ID) VALUES (-29, 2, '19:00:00', '20:30:00', NULL , NULL)
INSERT INTO TIMING(ID, DAY_OF_THE_WEEK, START_TIME, END_TIME, COURSE_ID, ROOM_TABLE_ID) VALUES (-30, 2, '08:00:00', '08:45:00', NULL , NULL)
INSERT INTO TIMING(ID, DAY_OF_THE_WEEK, START_TIME, END_TIME, COURSE_ID, ROOM_TABLE_ID) VALUES (-31, 0, '12:00:00', '12:45:00', NULL , NULL)
INSERT INTO TIMING(ID, DAY_OF_THE_WEEK, START_TIME, END_TIME, COURSE_ID, ROOM_TABLE_ID) VALUES (-32, 0, '19:00:00', '19:45:00', NULL , NULL)
INSERT INTO TIMING(ID, DAY_OF_THE_WEEK, START_TIME, END_TIME, COURSE_ID, ROOM_TABLE_ID) VALUES (-33, 1, '11:00:00', '11:45:00', NULL , NULL)
INSERT INTO TIMING(ID, DAY_OF_THE_WEEK, START_TIME, END_TIME, COURSE_ID, ROOM_TABLE_ID) VALUES (-34, 2, '10:00:00', '10:45:00', NULL , NULL)
INSERT INTO TIMING(ID, DAY_OF_THE_WEEK, START_TIME, END_TIME, COURSE_ID, ROOM_TABLE_ID) VALUES (-35, 3, '10:00:00', '10:45:00', NULL , NULL)
INSERT INTO TIMING(ID, DAY_OF_THE_WEEK, START_TIME, END_TIME, COURSE_ID, ROOM_TABLE_ID) VALUES (-36, 3, '15:00:00', '17:00:00', NULL , NULL)
INSERT INTO TIMING(ID, DAY_OF_THE_WEEK, START_TIME, END_TIME, COURSE_ID, ROOM_TABLE_ID) VALUES (-37, 2, '13:00:00', '13:45:00', NULL , NULL)
INSERT INTO TIMING(ID, DAY_OF_THE_WEEK, START_TIME, END_TIME, COURSE_ID, ROOM_TABLE_ID) VALUES (-38, 2, '14:00:00', '14:45:00', NULL , NULL)
INSERT INTO TIMING(ID, DAY_OF_THE_WEEK, START_TIME, END_TIME, COURSE_ID, ROOM_TABLE_ID) VALUES (-39, 3, '13:00:00', '13:45:00', NULL , NULL)
INSERT INTO TIMING(ID, DAY_OF_THE_WEEK, START_TIME, END_TIME, COURSE_ID, ROOM_TABLE_ID) VALUES (-40, 0, '09:00:00', '09:45:00', NULL , NULL)
INSERT INTO TIMING(ID, DAY_OF_THE_WEEK, START_TIME, END_TIME, COURSE_ID, ROOM_TABLE_ID) VALUES (-41, 2, '15:00:00', '15:45:00', NULL , NULL)
INSERT INTO TIMING(ID, DAY_OF_THE_WEEK, START_TIME, END_TIME, COURSE_ID, ROOM_TABLE_ID) VALUES (-42, 1, '17:00:00', '17:45:00', NULL , NULL)
INSERT INTO TIMING(ID, DAY_OF_THE_WEEK, START_TIME, END_TIME, COURSE_ID, ROOM_TABLE_ID) VALUES (-43, 3, '17:00:00', '17:45:00', NULL , NULL)
INSERT INTO TIMING(ID, DAY_OF_THE_WEEK, START_TIME, END_TIME, COURSE_ID, ROOM_TABLE_ID) VALUES (-44, 1, '16:00:00', '16:45:00', NULL , NULL)
INSERT INTO TIMING(ID, DAY_OF_THE_WEEK, START_TIME, END_TIME, COURSE_ID, ROOM_TABLE_ID) VALUES (-45, 0, '10:00:00', '12:00:00', NULL , NULL)
INSERT INTO TIMING(ID, DAY_OF_THE_WEEK, START_TIME, END_TIME, COURSE_ID, ROOM_TABLE_ID) VALUES (-46, 2, '19:00:00', '19:45:00', NULL , NULL)
INSERT INTO TIMING(ID, DAY_OF_THE_WEEK, START_TIME, END_TIME, COURSE_ID, ROOM_TABLE_ID) VALUES (-47, 2, '13:00:00', '15:00:00', NULL , NULL)
INSERT INTO TIMING(ID, DAY_OF_THE_WEEK, START_TIME, END_TIME, COURSE_ID, ROOM_TABLE_ID) VALUES (-48, 0, '15:00:00', '15:45:00', NULL , NULL)
INSERT INTO TIMING(ID, DAY_OF_THE_WEEK, START_TIME, END_TIME, COURSE_ID, ROOM_TABLE_ID) VALUES (-49, 1, '16:00:00', '16:45:00', NULL , NULL)
INSERT INTO TIMING(ID, DAY_OF_THE_WEEK, START_TIME, END_TIME, COURSE_ID, ROOM_TABLE_ID) VALUES (-50, 2, '10:00:00', '10:45:00', NULL , NULL)
INSERT INTO TIMING(ID, DAY_OF_THE_WEEK, START_TIME, END_TIME, COURSE_ID, ROOM_TABLE_ID) VALUES (-51, 1, '12:00:00', '12:45:00', NULL , NULL)
INSERT INTO TIMING(ID, DAY_OF_THE_WEEK, START_TIME, END_TIME, COURSE_ID, ROOM_TABLE_ID) VALUES (-52, 1, '17:00:00', '17:45:00', NULL , NULL)
INSERT INTO TIMING(ID, DAY_OF_THE_WEEK, START_TIME, END_TIME, COURSE_ID, ROOM_TABLE_ID) VALUES (-53, 3, '16:00:00', '16:45:00', NULL , NULL)
INSERT INTO TIMING(ID, DAY_OF_THE_WEEK, START_TIME, END_TIME, COURSE_ID, ROOM_TABLE_ID) VALUES (-54, 1, '16:00:00', '18:00:00', NULL , NULL)
INSERT INTO TIMING(ID, DAY_OF_THE_WEEK, START_TIME, END_TIME, COURSE_ID, ROOM_TABLE_ID) VALUES (-55, 1, '18:00:00', '19:30:00', NULL , NULL)
INSERT INTO TIMING(ID, DAY_OF_THE_WEEK, START_TIME, END_TIME, COURSE_ID, ROOM_TABLE_ID) VALUES (-56, 1, '09:00:00', '10:30:00', NULL , NULL)
INSERT INTO TIMING(ID, DAY_OF_THE_WEEK, START_TIME, END_TIME, COURSE_ID, ROOM_TABLE_ID) VALUES (-57, 3, '08:00:00', '09:30:00', NULL , NULL)
INSERT INTO TIMING(ID, DAY_OF_THE_WEEK, START_TIME, END_TIME, COURSE_ID, ROOM_TABLE_ID) VALUES (-58, 1, '14:00:00', '17:00:00', NULL , NULL)
INSERT INTO TIMING(ID, DAY_OF_THE_WEEK, START_TIME, END_TIME, COURSE_ID, ROOM_TABLE_ID) VALUES (-59, 3, '10:00:00', '11:30:00', NULL , NULL)
INSERT INTO TIMING(ID, DAY_OF_THE_WEEK, START_TIME, END_TIME, COURSE_ID, ROOM_TABLE_ID) VALUES (-60, 0, '10:00:00', '11:30:00', NULL , NULL)
INSERT INTO TIMING(ID, DAY_OF_THE_WEEK, START_TIME, END_TIME, COURSE_ID, ROOM_TABLE_ID) VALUES (-61, 2, '11:00:00', '12:30:00', NULL , NULL)
INSERT INTO TIMING(ID, DAY_OF_THE_WEEK, START_TIME, END_TIME, COURSE_ID, ROOM_TABLE_ID) VALUES (-62, 0, '15:00:00', '16:30:00', NULL , NULL)
INSERT INTO TIMING(ID, DAY_OF_THE_WEEK, START_TIME, END_TIME, COURSE_ID, ROOM_TABLE_ID) VALUES (-63, 2, '08:00:00', '11:30:00', NULL , NULL)
INSERT INTO TIMING(ID, DAY_OF_THE_WEEK, START_TIME, END_TIME, COURSE_ID, ROOM_TABLE_ID) VALUES (-64, 0, '16:00:00', '17:30:00', NULL , NULL)
INSERT INTO TIMING(ID, DAY_OF_THE_WEEK, START_TIME, END_TIME, COURSE_ID, ROOM_TABLE_ID) VALUES (-65, 3, '11:00:00', '12:30:00', NULL , NULL)
INSERT INTO TIMING(ID, DAY_OF_THE_WEEK, START_TIME, END_TIME, COURSE_ID, ROOM_TABLE_ID) VALUES (-66, 3, '10:00:00', '11:30:00', NULL , NULL)
INSERT INTO TIMING(ID, DAY_OF_THE_WEEK, START_TIME, END_TIME, COURSE_ID, ROOM_TABLE_ID) VALUES (-67, 0, '08:00:00', '11:00:00', NULL , NULL)
INSERT INTO TIMING(ID, DAY_OF_THE_WEEK, START_TIME, END_TIME, COURSE_ID, ROOM_TABLE_ID) VALUES (-68, 0, '16:00:00', '17:30:00', NULL , NULL)
INSERT INTO TIMING(ID, DAY_OF_THE_WEEK, START_TIME, END_TIME, COURSE_ID, ROOM_TABLE_ID) VALUES (-69, 0, '15:00:00', '16:30:00', NULL , NULL)
INSERT INTO TIMING(ID, DAY_OF_THE_WEEK, START_TIME, END_TIME, COURSE_ID, ROOM_TABLE_ID) VALUES (-70, 2, '18:00:00', '19:30:00', NULL , NULL)
INSERT INTO TIMING(ID, DAY_OF_THE_WEEK, START_TIME, END_TIME, COURSE_ID, ROOM_TABLE_ID) VALUES (-71, 3, '14:00:00', '15:30:00', NULL , NULL)
INSERT INTO TIMING(ID, DAY_OF_THE_WEEK, START_TIME, END_TIME, COURSE_ID, ROOM_TABLE_ID) VALUES (-72, 2, '11:00:00', '12:30:00', NULL , NULL)
INSERT INTO TIMING(ID, DAY_OF_THE_WEEK, START_TIME, END_TIME, COURSE_ID, ROOM_TABLE_ID) VALUES (-73, 2, '10:00:00', '11:30:00', NULL , NULL)
INSERT INTO TIMING(ID, DAY_OF_THE_WEEK, START_TIME, END_TIME, COURSE_ID, ROOM_TABLE_ID) VALUES (-74, 1, '19:00:00', '20:30:00', NULL , NULL)
INSERT INTO TIMING(ID, DAY_OF_THE_WEEK, START_TIME, END_TIME, COURSE_ID, ROOM_TABLE_ID) VALUES (-75, 2, '13:00:00', '16:00:00', NULL , NULL)
INSERT INTO TIMING(ID, DAY_OF_THE_WEEK, START_TIME, END_TIME, COURSE_ID, ROOM_TABLE_ID) VALUES (-76, 0, '17:00:00', '18:30:00', NULL , NULL)
INSERT INTO TIMING(ID, DAY_OF_THE_WEEK, START_TIME, END_TIME, COURSE_ID, ROOM_TABLE_ID) VALUES (-77, 0, '12:00:00', '13:30:00', NULL , NULL)
INSERT INTO TIMING(ID, DAY_OF_THE_WEEK, START_TIME, END_TIME, COURSE_ID, ROOM_TABLE_ID) VALUES (-78, 0, '09:00:00', '10:30:00', NULL , NULL)
INSERT INTO TIMING(ID, DAY_OF_THE_WEEK, START_TIME, END_TIME, COURSE_ID, ROOM_TABLE_ID) VALUES (-79, 1, '10:00:00', '11:30:00', NULL , NULL)
INSERT INTO TIMING(ID, DAY_OF_THE_WEEK, START_TIME, END_TIME, COURSE_ID, ROOM_TABLE_ID) VALUES (-80, 1, '17:00:00', '18:30:00', NULL , NULL)
INSERT INTO TIMING(ID, DAY_OF_THE_WEEK, START_TIME, END_TIME, COURSE_ID, ROOM_TABLE_ID) VALUES (-81, 3, '12:00:00', '13:30:00', NULL , NULL)
INSERT INTO TIMING(ID, DAY_OF_THE_WEEK, START_TIME, END_TIME, COURSE_ID, ROOM_TABLE_ID) VALUES (-82, 1, '12:00:00', '15:00:00', NULL , NULL)
INSERT INTO TIMING(ID, DAY_OF_THE_WEEK, START_TIME, END_TIME, COURSE_ID, ROOM_TABLE_ID) VALUES (-83, 1, '11:00:00', '14:00:00', NULL , NULL)
INSERT INTO TIMING(ID, DAY_OF_THE_WEEK, START_TIME, END_TIME, COURSE_ID, ROOM_TABLE_ID) VALUES (-84, 3, '17:00:00', '18:30:00', NULL , NULL)
INSERT INTO TIMING(ID, DAY_OF_THE_WEEK, START_TIME, END_TIME, COURSE_ID, ROOM_TABLE_ID) VALUES (-85, 3, '17:00:00', '18:30:00', NULL , NULL)
INSERT INTO TIMING(ID, DAY_OF_THE_WEEK, START_TIME, END_TIME, COURSE_ID, ROOM_TABLE_ID) VALUES (-86, 3, '17:00:00', '18:30:00', NULL , NULL)
INSERT INTO TIMING(ID, DAY_OF_THE_WEEK, START_TIME, END_TIME, COURSE_ID, ROOM_TABLE_ID) VALUES (-87, 0, '11:00:00', '12:30:00', NULL , NULL)
INSERT INTO TIMING(ID, DAY_OF_THE_WEEK, START_TIME, END_TIME, COURSE_ID, ROOM_TABLE_ID) VALUES (-88, 1, '13:00:00', '16:00:00', NULL , NULL)
INSERT INTO TIMING(ID, DAY_OF_THE_WEEK, START_TIME, END_TIME, COURSE_ID, ROOM_TABLE_ID) VALUES (-89, 1, '14:00:00', '15:30:00', NULL , NULL)
INSERT INTO TIMING(ID, DAY_OF_THE_WEEK, START_TIME, END_TIME, COURSE_ID, ROOM_TABLE_ID) VALUES (-90, 3, '18:00:00', '19:30:00', NULL , NULL)
INSERT INTO TIMING(ID, DAY_OF_THE_WEEK, START_TIME, END_TIME, COURSE_ID, ROOM_TABLE_ID) VALUES (-91, 0, '19:00:00', '20:30:00', NULL , NULL)
INSERT INTO TIMING(ID, DAY_OF_THE_WEEK, START_TIME, END_TIME, COURSE_ID, ROOM_TABLE_ID) VALUES (-92, 3, '12:00:00', '13:30:00', NULL , NULL)
INSERT INTO TIMING(ID, DAY_OF_THE_WEEK, START_TIME, END_TIME, COURSE_ID, ROOM_TABLE_ID) VALUES (-93, 1, '16:00:00', '18:00:00', NULL , NULL)
INSERT INTO TIMING(ID, DAY_OF_THE_WEEK, START_TIME, END_TIME, COURSE_ID, ROOM_TABLE_ID) VALUES (-94, 3, '11:00:00', '11:45:00', NULL , NULL)
INSERT INTO TIMING(ID, DAY_OF_THE_WEEK, START_TIME, END_TIME, COURSE_ID, ROOM_TABLE_ID) VALUES (-95, 0, '14:00:00', '14:45:00', NULL , NULL)
INSERT INTO TIMING(ID, DAY_OF_THE_WEEK, START_TIME, END_TIME, COURSE_ID, ROOM_TABLE_ID) VALUES (-96, 3, '12:00:00', '12:45:00', NULL , NULL)
INSERT INTO TIMING(ID, DAY_OF_THE_WEEK, START_TIME, END_TIME, COURSE_ID, ROOM_TABLE_ID) VALUES (-97, 1, '12:00:00', '12:45:00', NULL , NULL)
INSERT INTO TIMING(ID, DAY_OF_THE_WEEK, START_TIME, END_TIME, COURSE_ID, ROOM_TABLE_ID) VALUES (-98, 3, '08:00:00', '08:45:00', NULL , NULL)
INSERT INTO TIMING(ID, DAY_OF_THE_WEEK, START_TIME, END_TIME, COURSE_ID, ROOM_TABLE_ID) VALUES (-99, 1, '10:00:00', '12:00:00', NULL , NULL)
INSERT INTO TIMING(ID, DAY_OF_THE_WEEK, START_TIME, END_TIME, COURSE_ID, ROOM_TABLE_ID) VALUES (-100, 3, '10:00:00', '10:45:00', NULL , NULL)
INSERT INTO TIMING(ID, DAY_OF_THE_WEEK, START_TIME, END_TIME, COURSE_ID, ROOM_TABLE_ID) VALUES (-101, 3, '09:00:00', '09:45:00', NULL , NULL)
INSERT INTO TIMING(ID, DAY_OF_THE_WEEK, START_TIME, END_TIME, COURSE_ID, ROOM_TABLE_ID) VALUES (-102, 0, '19:00:00', '19:45:00', NULL , NULL)
INSERT INTO TIMING(ID, DAY_OF_THE_WEEK, START_TIME, END_TIME, COURSE_ID, ROOM_TABLE_ID) VALUES (-103, 0, '16:00:00', '16:45:00', NULL , NULL)
INSERT INTO TIMING(ID, DAY_OF_THE_WEEK, START_TIME, END_TIME, COURSE_ID, ROOM_TABLE_ID) VALUES (-104, 2, '09:00:00', '09:45:00', NULL , NULL)
INSERT INTO TIMING(ID, DAY_OF_THE_WEEK, START_TIME, END_TIME, COURSE_ID, ROOM_TABLE_ID) VALUES (-105, 0, '09:00:00', '09:45:00', NULL , NULL)
INSERT INTO TIMING(ID, DAY_OF_THE_WEEK, START_TIME, END_TIME, COURSE_ID, ROOM_TABLE_ID) VALUES (-106, 0, '10:00:00', '13:00:00', NULL , NULL)
INSERT INTO TIMING(ID, DAY_OF_THE_WEEK, START_TIME, END_TIME, COURSE_ID, ROOM_TABLE_ID) VALUES (-107, 2, '08:00:00', '09:30:00', NULL , NULL)
INSERT INTO TIMING(ID, DAY_OF_THE_WEEK, START_TIME, END_TIME, COURSE_ID, ROOM_TABLE_ID) VALUES (-108, 0, '19:00:00', '20:30:00', NULL , NULL)
INSERT INTO TIMING(ID, DAY_OF_THE_WEEK, START_TIME, END_TIME, COURSE_ID, ROOM_TABLE_ID) VALUES (-109, 3, '11:00:00', '12:30:00', NULL , NULL)
INSERT INTO TIMING(ID, DAY_OF_THE_WEEK, START_TIME, END_TIME, COURSE_ID, ROOM_TABLE_ID) VALUES (-110, 1, '19:00:00', '20:30:00', NULL , NULL)
INSERT INTO TIMING(ID, DAY_OF_THE_WEEK, START_TIME, END_TIME, COURSE_ID, ROOM_TABLE_ID) VALUES (-111, 0, '11:00:00', '12:30:00', NULL , NULL)
INSERT INTO TIMING(ID, DAY_OF_THE_WEEK, START_TIME, END_TIME, COURSE_ID, ROOM_TABLE_ID) VALUES (-112, 3, '12:00:00', '13:30:00', NULL , NULL)
INSERT INTO TIMING(ID, DAY_OF_THE_WEEK, START_TIME, END_TIME, COURSE_ID, ROOM_TABLE_ID) VALUES (-113, 0, '13:00:00', '16:00:00', NULL , NULL)
INSERT INTO TIMING(ID, DAY_OF_THE_WEEK, START_TIME, END_TIME, COURSE_ID, ROOM_TABLE_ID) VALUES (-114, 3, '19:00:00', '20:30:00', NULL , NULL)
INSERT INTO TIMING(ID, DAY_OF_THE_WEEK, START_TIME, END_TIME, COURSE_ID, ROOM_TABLE_ID) VALUES (-115, 1, '14:00:00', '15:30:00', NULL , NULL)
INSERT INTO TIMING(ID, DAY_OF_THE_WEEK, START_TIME, END_TIME, COURSE_ID, ROOM_TABLE_ID) VALUES (-116, 3, '10:00:00', '11:30:00', NULL , NULL)
INSERT INTO TIMING(ID, DAY_OF_THE_WEEK, START_TIME, END_TIME, COURSE_ID, ROOM_TABLE_ID) VALUES (-117, 1, '13:00:00', '14:30:00', NULL , NULL)
INSERT INTO TIMING(ID, DAY_OF_THE_WEEK, START_TIME, END_TIME, COURSE_ID, ROOM_TABLE_ID) VALUES (-118, 1, '11:00:00', '14:00:00', NULL , NULL)
INSERT INTO TIMING(ID, DAY_OF_THE_WEEK, START_TIME, END_TIME, COURSE_ID, ROOM_TABLE_ID) VALUES (-119, 0, '10:00:00', '11:30:00', NULL , NULL)
INSERT INTO TIMING(ID, DAY_OF_THE_WEEK, START_TIME, END_TIME, COURSE_ID, ROOM_TABLE_ID) VALUES (-120, 3, '11:00:00', '12:30:00', NULL , NULL)
INSERT INTO TIMING(ID, DAY_OF_THE_WEEK, START_TIME, END_TIME, COURSE_ID, ROOM_TABLE_ID) VALUES (-121, 1, '08:00:00', '09:30:00', NULL , NULL)
INSERT INTO TIMING(ID, DAY_OF_THE_WEEK, START_TIME, END_TIME, COURSE_ID, ROOM_TABLE_ID) VALUES (-122, 0, '16:00:00', '18:00:00', NULL , NULL)
INSERT INTO TIMING(ID, DAY_OF_THE_WEEK, START_TIME, END_TIME, COURSE_ID, ROOM_TABLE_ID) VALUES (-123, 3, '15:00:00', '15:45:00', NULL , NULL)
INSERT INTO TIMING(ID, DAY_OF_THE_WEEK, START_TIME, END_TIME, COURSE_ID, ROOM_TABLE_ID) VALUES (-124, 2, '13:00:00', '13:45:00', NULL , NULL)
INSERT INTO TIMING(ID, DAY_OF_THE_WEEK, START_TIME, END_TIME, COURSE_ID, ROOM_TABLE_ID) VALUES (-125, 0, '10:00:00', '10:45:00', NULL , NULL)
INSERT INTO TIMING(ID, DAY_OF_THE_WEEK, START_TIME, END_TIME, COURSE_ID, ROOM_TABLE_ID) VALUES (-126, 2, '12:00:00', '14:00:00', NULL , NULL)
INSERT INTO TIMING(ID, DAY_OF_THE_WEEK, START_TIME, END_TIME, COURSE_ID, ROOM_TABLE_ID) VALUES (-127, 0, '08:00:00', '09:30:00', NULL , NULL)
INSERT INTO TIMING(ID, DAY_OF_THE_WEEK, START_TIME, END_TIME, COURSE_ID, ROOM_TABLE_ID) VALUES (-128, 1, '17:00:00', '18:30:00', NULL , NULL)
INSERT INTO TIMING(ID, DAY_OF_THE_WEEK, START_TIME, END_TIME, COURSE_ID, ROOM_TABLE_ID) VALUES (-129, 0, '13:00:00', '14:30:00', NULL , NULL)
INSERT INTO TIMING(ID, DAY_OF_THE_WEEK, START_TIME, END_TIME, COURSE_ID, ROOM_TABLE_ID) VALUES (-130, 3, '16:00:00', '17:30:00', NULL , NULL)
INSERT INTO TIMING(ID, DAY_OF_THE_WEEK, START_TIME, END_TIME, COURSE_ID, ROOM_TABLE_ID) VALUES (-131, 3, '14:00:00', '15:30:00', NULL , NULL)
INSERT INTO TIMING(ID, DAY_OF_THE_WEEK, START_TIME, END_TIME, COURSE_ID, ROOM_TABLE_ID) VALUES (-132, 3, '10:00:00', '11:30:00', NULL , NULL)
INSERT INTO TIMING(ID, DAY_OF_THE_WEEK, START_TIME, END_TIME, COURSE_ID, ROOM_TABLE_ID) VALUES (-133, 1, '12:00:00', '13:30:00', NULL , NULL)
INSERT INTO TIMING(ID, DAY_OF_THE_WEEK, START_TIME, END_TIME, COURSE_ID, ROOM_TABLE_ID) VALUES (-134, 2, '12:00:00', '13:30:00', NULL , NULL)
INSERT INTO TIMING(ID, DAY_OF_THE_WEEK, START_TIME, END_TIME, COURSE_ID, ROOM_TABLE_ID) VALUES (-135, 3, '13:00:00', '14:30:00', NULL , NULL)
INSERT INTO TIMING(ID, DAY_OF_THE_WEEK, START_TIME, END_TIME, COURSE_ID, ROOM_TABLE_ID) VALUES (-136, 2, '10:00:00', '13:00:00', NULL , NULL)
INSERT INTO TIMING(ID, DAY_OF_THE_WEEK, START_TIME, END_TIME, COURSE_ID, ROOM_TABLE_ID) VALUES (-137, 2, '17:00:00', '18:30:00', NULL , NULL)
INSERT INTO TIMING(ID, DAY_OF_THE_WEEK, START_TIME, END_TIME, COURSE_ID, ROOM_TABLE_ID) VALUES (-138, 0, '14:00:00', '15:30:00', NULL , NULL)
INSERT INTO TIMING(ID, DAY_OF_THE_WEEK, START_TIME, END_TIME, COURSE_ID, ROOM_TABLE_ID) VALUES (-139, 3, '09:00:00', '10:30:00', NULL , NULL)
INSERT INTO TIMING(ID, DAY_OF_THE_WEEK, START_TIME, END_TIME, COURSE_ID, ROOM_TABLE_ID) VALUES (-140, 0, '11:00:00', '12:30:00', NULL , NULL)
INSERT INTO TIMING(ID, DAY_OF_THE_WEEK, START_TIME, END_TIME, COURSE_ID, ROOM_TABLE_ID) VALUES (-141, 3, '16:00:00', '17:30:00', NULL , NULL)
INSERT INTO TIMING(ID, DAY_OF_THE_WEEK, START_TIME, END_TIME, COURSE_ID, ROOM_TABLE_ID) VALUES (-142, 0, '10:00:00', '11:30:00', NULL , NULL)
INSERT INTO TIMING(ID, DAY_OF_THE_WEEK, START_TIME, END_TIME, COURSE_ID, ROOM_TABLE_ID) VALUES (-143, 3, '19:00:00', '20:30:00', NULL , NULL)
INSERT INTO TIMING(ID, DAY_OF_THE_WEEK, START_TIME, END_TIME, COURSE_ID, ROOM_TABLE_ID) VALUES (-144, 0, '18:00:00', '21:00:00', NULL , NULL)
INSERT INTO TIMING(ID, DAY_OF_THE_WEEK, START_TIME, END_TIME, COURSE_ID, ROOM_TABLE_ID) VALUES (-145, 2, '12:00:00', '13:30:00', NULL , NULL)
INSERT INTO TIMING(ID, DAY_OF_THE_WEEK, START_TIME, END_TIME, COURSE_ID, ROOM_TABLE_ID) VALUES (-146, 2, '19:00:00', '20:30:00', NULL , NULL)
INSERT INTO TIMING(ID, DAY_OF_THE_WEEK, START_TIME, END_TIME, COURSE_ID, ROOM_TABLE_ID) VALUES (-147, 1, '17:00:00', '18:30:00', NULL , NULL)
INSERT INTO TIMING(ID, DAY_OF_THE_WEEK, START_TIME, END_TIME, COURSE_ID, ROOM_TABLE_ID) VALUES (-148, 2, '09:00:00', '10:30:00', NULL , NULL)
INSERT INTO TIMING(ID, DAY_OF_THE_WEEK, START_TIME, END_TIME, COURSE_ID, ROOM_TABLE_ID) VALUES (-149, 1, '18:00:00', '21:00:00', NULL , NULL)
INSERT INTO TIMING(ID, DAY_OF_THE_WEEK, START_TIME, END_TIME, COURSE_ID, ROOM_TABLE_ID) VALUES (-150, 0, '08:00:00', '11:00:00', NULL , NULL)
INSERT INTO TIMING(ID, DAY_OF_THE_WEEK, START_TIME, END_TIME, COURSE_ID, ROOM_TABLE_ID) VALUES (-151, 2, '12:00:00', '15:00:00', NULL , NULL)
INSERT INTO TIMING(ID, DAY_OF_THE_WEEK, START_TIME, END_TIME, COURSE_ID, ROOM_TABLE_ID) VALUES (-152, 1, '14:00:00', '17:00:00', NULL , NULL)
INSERT INTO TIMING(ID, DAY_OF_THE_WEEK, START_TIME, END_TIME, COURSE_ID, ROOM_TABLE_ID) VALUES (-153, 0, '16:00:00', '17:30:00', NULL , NULL)
INSERT INTO TIMING(ID, DAY_OF_THE_WEEK, START_TIME, END_TIME, COURSE_ID, ROOM_TABLE_ID) VALUES (-154, 2, '14:00:00', '15:30:00', NULL , NULL)
INSERT INTO TIMING(ID, DAY_OF_THE_WEEK, START_TIME, END_TIME, COURSE_ID, ROOM_TABLE_ID) VALUES (-155, 1, '16:00:00', '19:00:00', NULL , NULL)
INSERT INTO TIMING(ID, DAY_OF_THE_WEEK, START_TIME, END_TIME, COURSE_ID, ROOM_TABLE_ID) VALUES (-156, 0, '14:00:00', '17:00:00', NULL , NULL)
INSERT INTO TIMING(ID, DAY_OF_THE_WEEK, START_TIME, END_TIME, COURSE_ID, ROOM_TABLE_ID) VALUES (-157, 0, '08:00:00', '11:00:00', NULL , NULL)
INSERT INTO TIMING(ID, DAY_OF_THE_WEEK, START_TIME, END_TIME, COURSE_ID, ROOM_TABLE_ID) VALUES (-158, 3, '16:00:00', '19:00:00', NULL , NULL)
INSERT INTO TIMING(ID, DAY_OF_THE_WEEK, START_TIME, END_TIME, COURSE_ID, ROOM_TABLE_ID) VALUES (-159, 2, '11:00:00', '12:30:00', NULL , NULL)
INSERT INTO TIMING(ID, DAY_OF_THE_WEEK, START_TIME, END_TIME, COURSE_ID, ROOM_TABLE_ID) VALUES (-160, 3, '16:00:00', '17:30:00', NULL , NULL)
INSERT INTO TIMING(ID, DAY_OF_THE_WEEK, START_TIME, END_TIME, COURSE_ID, ROOM_TABLE_ID) VALUES (-161, 3, '17:00:00', '18:30:00', NULL , NULL)
INSERT INTO TIMING(ID, DAY_OF_THE_WEEK, START_TIME, END_TIME, COURSE_ID, ROOM_TABLE_ID) VALUES (-162, 2, '17:00:00', '18:30:00', NULL , NULL)
INSERT INTO TIMING(ID, DAY_OF_THE_WEEK, START_TIME, END_TIME, COURSE_ID, ROOM_TABLE_ID) VALUES (-163, 2, '09:00:00', '10:30:00', NULL , NULL)
INSERT INTO TIMING(ID, DAY_OF_THE_WEEK, START_TIME, END_TIME, COURSE_ID, ROOM_TABLE_ID) VALUES (-164, 3, '12:00:00', '13:30:00', NULL , NULL)
INSERT INTO TIMING(ID, DAY_OF_THE_WEEK, START_TIME, END_TIME, COURSE_ID, ROOM_TABLE_ID) VALUES (-165, 1, '15:00:00', '16:30:00', NULL , NULL)
INSERT INTO TIMING(ID, DAY_OF_THE_WEEK, START_TIME, END_TIME, COURSE_ID, ROOM_TABLE_ID) VALUES (-166, 0, '19:00:00', '22:00:00', NULL , NULL)
INSERT INTO TIMING(ID, DAY_OF_THE_WEEK, START_TIME, END_TIME, COURSE_ID, ROOM_TABLE_ID) VALUES (-167, 1, '11:00:00', '12:30:00', NULL , NULL)
INSERT INTO TIMING(ID, DAY_OF_THE_WEEK, START_TIME, END_TIME, COURSE_ID, ROOM_TABLE_ID) VALUES (-168, 0, '09:00:00', '10:30:00', NULL , NULL)
INSERT INTO TIMING(ID, DAY_OF_THE_WEEK, START_TIME, END_TIME, COURSE_ID, ROOM_TABLE_ID) VALUES (-169, 3, '10:00:00', '11:30:00', NULL , NULL)
INSERT INTO TIMING(ID, DAY_OF_THE_WEEK, START_TIME, END_TIME, COURSE_ID, ROOM_TABLE_ID) VALUES (-170, 2, '10:00:00', '11:30:00', NULL , NULL)
INSERT INTO TIMING(ID, DAY_OF_THE_WEEK, START_TIME, END_TIME, COURSE_ID, ROOM_TABLE_ID) VALUES (-171, 0, '16:00:00', '18:00:00', NULL , NULL)
INSERT INTO TIMING(ID, DAY_OF_THE_WEEK, START_TIME, END_TIME, COURSE_ID, ROOM_TABLE_ID) VALUES (-172, 0, '18:00:00', '18:45:00', NULL , NULL)
INSERT INTO TIMING(ID, DAY_OF_THE_WEEK, START_TIME, END_TIME, COURSE_ID, ROOM_TABLE_ID) VALUES (-173, 2, '08:00:00', '08:45:00', NULL , NULL)
INSERT INTO TIMING(ID, DAY_OF_THE_WEEK, START_TIME, END_TIME, COURSE_ID, ROOM_TABLE_ID) VALUES (-174, 3, '08:00:00', '08:45:00', NULL , NULL)


-- courseSessions of timeTable1
INSERT INTO COURSE_SESSION(ID, DURATION, IS_ASSIGNED, IS_FIXED, COURSE_ID, ROOM_TABLE_ID, TIME_TABLE_ID, TIMING_ID) VALUES (-1, 180, FALSE, FALSE, '703003', NULL, -1, NULL)
INSERT INTO COURSE_SESSION(ID, DURATION, IS_ASSIGNED, IS_FIXED, COURSE_ID, ROOM_TABLE_ID, TIME_TABLE_ID, TIMING_ID) VALUES (-2, 90, FALSE, FALSE, '703004', NULL, -1, NULL)
INSERT INTO COURSE_SESSION(ID, DURATION, IS_ASSIGNED, IS_FIXED, COURSE_ID, ROOM_TABLE_ID, TIME_TABLE_ID, TIMING_ID) VALUES (-3, 120, FALSE, FALSE, '703024', NULL, -1, NULL)
INSERT INTO COURSE_SESSION(ID, DURATION, IS_ASSIGNED, IS_FIXED, COURSE_ID, ROOM_TABLE_ID, TIME_TABLE_ID, TIMING_ID) VALUES (-4, 45, FALSE, FALSE, '703025', NULL, -1, NULL)
INSERT INTO COURSE_SESSION(ID, DURATION, IS_ASSIGNED, IS_FIXED, COURSE_ID, ROOM_TABLE_ID, TIME_TABLE_ID, TIMING_ID) VALUES (-5, 45, FALSE, FALSE, '703063', NULL, -1, NULL)
INSERT INTO COURSE_SESSION(ID, DURATION, IS_ASSIGNED, IS_FIXED, COURSE_ID, ROOM_TABLE_ID, TIME_TABLE_ID, TIMING_ID) VALUES (-6, 120, TRUE, FALSE, '703064', -1, -1, -21)
INSERT INTO COURSE_SESSION(ID, DURATION, IS_ASSIGNED, IS_FIXED, COURSE_ID, ROOM_TABLE_ID, TIME_TABLE_ID, TIMING_ID) VALUES (-7, 45, FALSE, FALSE, '703062', NULL, -1, NULL)
INSERT INTO COURSE_SESSION(ID, DURATION, IS_ASSIGNED, IS_FIXED, COURSE_ID, ROOM_TABLE_ID, TIME_TABLE_ID, TIMING_ID) VALUES (-8, 120, FALSE, FALSE, '703007', NULL, -1, NULL)
INSERT INTO COURSE_SESSION(ID, DURATION, IS_ASSIGNED, IS_FIXED, COURSE_ID, ROOM_TABLE_ID, TIME_TABLE_ID, TIMING_ID) VALUES (-9, 45, FALSE, FALSE, '703098', NULL, -1, NULL)
INSERT INTO COURSE_SESSION(ID, DURATION, IS_ASSIGNED, IS_FIXED, COURSE_ID, ROOM_TABLE_ID, TIME_TABLE_ID, TIMING_ID) VALUES (-10, 120, FALSE, FALSE, '703099', NULL, -1, NULL)

-- courseSessions of timeTable2
INSERT INTO COURSE_SESSION(ID, DURATION, IS_ASSIGNED, IS_FIXED, COURSE_ID, ROOM_TABLE_ID, TIME_TABLE_ID, TIMING_ID) VALUES (-11, 180, FALSE, FALSE, '703003', NULL, -2, NULL)
INSERT INTO COURSE_SESSION(ID, DURATION, IS_ASSIGNED, IS_FIXED, COURSE_ID, ROOM_TABLE_ID, TIME_TABLE_ID, TIMING_ID) VALUES (-12, 90, FALSE, FALSE, '703004', NULL, -2, NULL)
INSERT INTO COURSE_SESSION(ID, DURATION, IS_ASSIGNED, IS_FIXED, COURSE_ID, ROOM_TABLE_ID, TIME_TABLE_ID, TIMING_ID) VALUES (-13, 90, FALSE, FALSE, '703004', NULL, -2, NULL)
INSERT INTO COURSE_SESSION(ID, DURATION, IS_ASSIGNED, IS_FIXED, COURSE_ID, ROOM_TABLE_ID, TIME_TABLE_ID, TIMING_ID) VALUES (-14, 90, FALSE, FALSE, '703004', NULL, -2, NULL)
INSERT INTO COURSE_SESSION(ID, DURATION, IS_ASSIGNED, IS_FIXED, COURSE_ID, ROOM_TABLE_ID, TIME_TABLE_ID, TIMING_ID) VALUES (-15, 90, FALSE, FALSE, '703004', NULL, -2, NULL)
INSERT INTO COURSE_SESSION(ID, DURATION, IS_ASSIGNED, IS_FIXED, COURSE_ID, ROOM_TABLE_ID, TIME_TABLE_ID, TIMING_ID) VALUES (-16, 45, FALSE, FALSE, '703025', NULL, -2, NULL)
INSERT INTO COURSE_SESSION(ID, DURATION, IS_ASSIGNED, IS_FIXED, COURSE_ID, ROOM_TABLE_ID, TIME_TABLE_ID, TIMING_ID) VALUES (-17, 45, FALSE, FALSE, '703025', NULL, -2, NULL)
INSERT INTO COURSE_SESSION(ID, DURATION, IS_ASSIGNED, IS_FIXED, COURSE_ID, ROOM_TABLE_ID, TIME_TABLE_ID, TIMING_ID) VALUES (-18, 45, FALSE, FALSE, '703025', NULL, -2, NULL)
INSERT INTO COURSE_SESSION(ID, DURATION, IS_ASSIGNED, IS_FIXED, COURSE_ID, ROOM_TABLE_ID, TIME_TABLE_ID, TIMING_ID) VALUES (-19, 45, FALSE, FALSE, '703025', NULL, -2, NULL)
INSERT INTO COURSE_SESSION(ID, DURATION, IS_ASSIGNED, IS_FIXED, COURSE_ID, ROOM_TABLE_ID, TIME_TABLE_ID, TIMING_ID) VALUES (-20, 45, FALSE, FALSE, '703025', NULL, -2, NULL)
INSERT INTO COURSE_SESSION(ID, DURATION, IS_ASSIGNED, IS_FIXED, COURSE_ID, ROOM_TABLE_ID, TIME_TABLE_ID, TIMING_ID) VALUES (-21, 45, FALSE, FALSE, '703025', NULL, -2, NULL)
INSERT INTO COURSE_SESSION(ID, DURATION, IS_ASSIGNED, IS_FIXED, COURSE_ID, ROOM_TABLE_ID, TIME_TABLE_ID, TIMING_ID) VALUES (-22, 45, FALSE, FALSE, '703025', NULL, -2, NULL)
INSERT INTO COURSE_SESSION(ID, DURATION, IS_ASSIGNED, IS_FIXED, COURSE_ID, ROOM_TABLE_ID, TIME_TABLE_ID, TIMING_ID) VALUES (-23, 45, FALSE, FALSE, '703025', NULL, -2, NULL)
INSERT INTO COURSE_SESSION(ID, DURATION, IS_ASSIGNED, IS_FIXED, COURSE_ID, ROOM_TABLE_ID, TIME_TABLE_ID, TIMING_ID) VALUES (-24, 120, FALSE, FALSE, '703024', NULL, -2, NULL)
INSERT INTO COURSE_SESSION(ID, DURATION, IS_ASSIGNED, IS_FIXED, COURSE_ID, ROOM_TABLE_ID, TIME_TABLE_ID, TIMING_ID) VALUES (-25, 45, FALSE, FALSE, '703063', NULL, -2, NULL)
INSERT INTO COURSE_SESSION(ID, DURATION, IS_ASSIGNED, IS_FIXED, COURSE_ID, ROOM_TABLE_ID, TIME_TABLE_ID, TIMING_ID) VALUES (-26, 45, FALSE, FALSE, '703063', NULL, -2, NULL)
INSERT INTO COURSE_SESSION(ID, DURATION, IS_ASSIGNED, IS_FIXED, COURSE_ID, ROOM_TABLE_ID, TIME_TABLE_ID, TIMING_ID) VALUES (-27, 45, FALSE, FALSE, '703063', NULL, -2, NULL)
INSERT INTO COURSE_SESSION(ID, DURATION, IS_ASSIGNED, IS_FIXED, COURSE_ID, ROOM_TABLE_ID, TIME_TABLE_ID, TIMING_ID) VALUES (-28, 45, FALSE, FALSE, '703063', NULL, -2, NULL)
INSERT INTO COURSE_SESSION(ID, DURATION, IS_ASSIGNED, IS_FIXED, COURSE_ID, ROOM_TABLE_ID, TIME_TABLE_ID, TIMING_ID) VALUES (-29, 45, FALSE, FALSE, '703063', NULL, -2, NULL)
INSERT INTO COURSE_SESSION(ID, DURATION, IS_ASSIGNED, IS_FIXED, COURSE_ID, ROOM_TABLE_ID, TIME_TABLE_ID, TIMING_ID) VALUES (-30, 45, FALSE, FALSE, '703063', NULL, -2, NULL)
INSERT INTO COURSE_SESSION(ID, DURATION, IS_ASSIGNED, IS_FIXED, COURSE_ID, ROOM_TABLE_ID, TIME_TABLE_ID, TIMING_ID) VALUES (-31, 45, FALSE, FALSE, '703063', NULL, -2, NULL)
INSERT INTO COURSE_SESSION(ID, DURATION, IS_ASSIGNED, IS_FIXED, COURSE_ID, ROOM_TABLE_ID, TIME_TABLE_ID, TIMING_ID) VALUES (-32, 45, FALSE, FALSE, '703063', NULL, -2, NULL)
INSERT INTO COURSE_SESSION(ID, DURATION, IS_ASSIGNED, IS_FIXED, COURSE_ID, ROOM_TABLE_ID, TIME_TABLE_ID, TIMING_ID) VALUES (-33, 120, FALSE, FALSE, '703064', NULL, -2, NULL)
INSERT INTO COURSE_SESSION(ID, DURATION, IS_ASSIGNED, IS_FIXED, COURSE_ID, ROOM_TABLE_ID, TIME_TABLE_ID, TIMING_ID) VALUES (-34, 45, FALSE, FALSE, '703062', NULL, -2, NULL)
INSERT INTO COURSE_SESSION(ID, DURATION, IS_ASSIGNED, IS_FIXED, COURSE_ID, ROOM_TABLE_ID, TIME_TABLE_ID, TIMING_ID) VALUES (-35, 120, FALSE, FALSE, '703007', NULL, -2, NULL)
INSERT INTO COURSE_SESSION(ID, DURATION, IS_ASSIGNED, IS_FIXED, COURSE_ID, ROOM_TABLE_ID, TIME_TABLE_ID, TIMING_ID) VALUES (-36, 45, FALSE, FALSE, '703098', NULL, -2, NULL)
INSERT INTO COURSE_SESSION(ID, DURATION, IS_ASSIGNED, IS_FIXED, COURSE_ID, ROOM_TABLE_ID, TIME_TABLE_ID, TIMING_ID) VALUES (-37, 45, FALSE, FALSE, '703098', NULL, -2, NULL)
INSERT INTO COURSE_SESSION(ID, DURATION, IS_ASSIGNED, IS_FIXED, COURSE_ID, ROOM_TABLE_ID, TIME_TABLE_ID, TIMING_ID) VALUES (-38, 45, FALSE, FALSE, '703098', NULL, -2, NULL)
INSERT INTO COURSE_SESSION(ID, DURATION, IS_ASSIGNED, IS_FIXED, COURSE_ID, ROOM_TABLE_ID, TIME_TABLE_ID, TIMING_ID) VALUES (-39, 45, FALSE, FALSE, '703098', NULL, -2, NULL)
INSERT INTO COURSE_SESSION(ID, DURATION, IS_ASSIGNED, IS_FIXED, COURSE_ID, ROOM_TABLE_ID, TIME_TABLE_ID, TIMING_ID) VALUES (-40, 45, FALSE, FALSE, '703098', NULL, -2, NULL)
INSERT INTO COURSE_SESSION(ID, DURATION, IS_ASSIGNED, IS_FIXED, COURSE_ID, ROOM_TABLE_ID, TIME_TABLE_ID, TIMING_ID) VALUES (-41, 45, FALSE, FALSE, '703098', NULL, -2, NULL)
INSERT INTO COURSE_SESSION(ID, DURATION, IS_ASSIGNED, IS_FIXED, COURSE_ID, ROOM_TABLE_ID, TIME_TABLE_ID, TIMING_ID) VALUES (-42, 45, FALSE, FALSE, '703098', NULL, -2, NULL)
INSERT INTO COURSE_SESSION(ID, DURATION, IS_ASSIGNED, IS_FIXED, COURSE_ID, ROOM_TABLE_ID, TIME_TABLE_ID, TIMING_ID) VALUES (-43, 120, FALSE, FALSE, '703099', NULL, -2, NULL)
INSERT INTO COURSE_SESSION(ID, DURATION, IS_ASSIGNED, IS_FIXED, COURSE_ID, ROOM_TABLE_ID, TIME_TABLE_ID, TIMING_ID) VALUES (-44, 90, FALSE, FALSE, '703016', NULL, -2, NULL)
INSERT INTO COURSE_SESSION(ID, DURATION, IS_ASSIGNED, IS_FIXED, COURSE_ID, ROOM_TABLE_ID, TIME_TABLE_ID, TIMING_ID) VALUES (-45, 90, FALSE, FALSE, '703016', NULL, -2, NULL)
INSERT INTO COURSE_SESSION(ID, DURATION, IS_ASSIGNED, IS_FIXED, COURSE_ID, ROOM_TABLE_ID, TIME_TABLE_ID, TIMING_ID) VALUES (-46, 90, FALSE, FALSE, '703016', NULL, -2, NULL)
INSERT INTO COURSE_SESSION(ID, DURATION, IS_ASSIGNED, IS_FIXED, COURSE_ID, ROOM_TABLE_ID, TIME_TABLE_ID, TIMING_ID) VALUES (-47, 90, FALSE, FALSE, '703016', NULL, -2, NULL)
INSERT INTO COURSE_SESSION(ID, DURATION, IS_ASSIGNED, IS_FIXED, COURSE_ID, ROOM_TABLE_ID, TIME_TABLE_ID, TIMING_ID) VALUES (-48, 90, FALSE, FALSE, '703016', NULL, -2, NULL)
INSERT INTO COURSE_SESSION(ID, DURATION, IS_ASSIGNED, IS_FIXED, COURSE_ID, ROOM_TABLE_ID, TIME_TABLE_ID, TIMING_ID) VALUES (-49, 180, FALSE, FALSE, '703017', NULL, -2, NULL)
INSERT INTO COURSE_SESSION(ID, DURATION, IS_ASSIGNED, IS_FIXED, COURSE_ID, ROOM_TABLE_ID, TIME_TABLE_ID, TIMING_ID) VALUES (-50, 90, FALSE, FALSE, '703066', NULL, -2, NULL)
INSERT INTO COURSE_SESSION(ID, DURATION, IS_ASSIGNED, IS_FIXED, COURSE_ID, ROOM_TABLE_ID, TIME_TABLE_ID, TIMING_ID) VALUES (-51, 90, FALSE, FALSE, '703066', NULL, -2, NULL)
INSERT INTO COURSE_SESSION(ID, DURATION, IS_ASSIGNED, IS_FIXED, COURSE_ID, ROOM_TABLE_ID, TIME_TABLE_ID, TIMING_ID) VALUES (-52, 90, FALSE, FALSE, '703066', NULL, -2, NULL)
INSERT INTO COURSE_SESSION(ID, DURATION, IS_ASSIGNED, IS_FIXED, COURSE_ID, ROOM_TABLE_ID, TIME_TABLE_ID, TIMING_ID) VALUES (-53, 90, FALSE, FALSE, '703066', NULL, -2, NULL)
INSERT INTO COURSE_SESSION(ID, DURATION, IS_ASSIGNED, IS_FIXED, COURSE_ID, ROOM_TABLE_ID, TIME_TABLE_ID, TIMING_ID) VALUES (-54, 90, FALSE, FALSE, '703066', NULL, -2, NULL)
INSERT INTO COURSE_SESSION(ID, DURATION, IS_ASSIGNED, IS_FIXED, COURSE_ID, ROOM_TABLE_ID, TIME_TABLE_ID, TIMING_ID) VALUES (-55, 90, FALSE, FALSE, '703066', NULL, -2, NULL)
INSERT INTO COURSE_SESSION(ID, DURATION, IS_ASSIGNED, IS_FIXED, COURSE_ID, ROOM_TABLE_ID, TIME_TABLE_ID, TIMING_ID) VALUES (-56, 90, FALSE, FALSE, '703066', NULL, -2, NULL)
INSERT INTO COURSE_SESSION(ID, DURATION, IS_ASSIGNED, IS_FIXED, COURSE_ID, ROOM_TABLE_ID, TIME_TABLE_ID, TIMING_ID) VALUES (-57, 180, FALSE, FALSE, '703065', NULL, -2, NULL)
INSERT INTO COURSE_SESSION(ID, DURATION, IS_ASSIGNED, IS_FIXED, COURSE_ID, ROOM_TABLE_ID, TIME_TABLE_ID, TIMING_ID) VALUES (-58, 90, FALSE, FALSE, '703011', NULL, -2, NULL)
INSERT INTO COURSE_SESSION(ID, DURATION, IS_ASSIGNED, IS_FIXED, COURSE_ID, ROOM_TABLE_ID, TIME_TABLE_ID, TIMING_ID) VALUES (-59, 90, FALSE, FALSE, '703011', NULL, -2, NULL)
INSERT INTO COURSE_SESSION(ID, DURATION, IS_ASSIGNED, IS_FIXED, COURSE_ID, ROOM_TABLE_ID, TIME_TABLE_ID, TIMING_ID) VALUES (-60, 90, FALSE, FALSE, '703011', NULL, -2, NULL)
INSERT INTO COURSE_SESSION(ID, DURATION, IS_ASSIGNED, IS_FIXED, COURSE_ID, ROOM_TABLE_ID, TIME_TABLE_ID, TIMING_ID) VALUES (-61, 90, FALSE, FALSE, '703011', NULL, -2, NULL)
INSERT INTO COURSE_SESSION(ID, DURATION, IS_ASSIGNED, IS_FIXED, COURSE_ID, ROOM_TABLE_ID, TIME_TABLE_ID, TIMING_ID) VALUES (-62, 90, FALSE, FALSE, '703011', NULL, -2, NULL)
INSERT INTO COURSE_SESSION(ID, DURATION, IS_ASSIGNED, IS_FIXED, COURSE_ID, ROOM_TABLE_ID, TIME_TABLE_ID, TIMING_ID) VALUES (-63, 90, FALSE, FALSE, '703011', NULL, -2, NULL)
INSERT INTO COURSE_SESSION(ID, DURATION, IS_ASSIGNED, IS_FIXED, COURSE_ID, ROOM_TABLE_ID, TIME_TABLE_ID, TIMING_ID) VALUES (-64, 90, FALSE, FALSE, '703011', NULL, -2, NULL)
INSERT INTO COURSE_SESSION(ID, DURATION, IS_ASSIGNED, IS_FIXED, COURSE_ID, ROOM_TABLE_ID, TIME_TABLE_ID, TIMING_ID) VALUES (-65, 90, FALSE, FALSE, '703011', NULL, -2, NULL)
INSERT INTO COURSE_SESSION(ID, DURATION, IS_ASSIGNED, IS_FIXED, COURSE_ID, ROOM_TABLE_ID, TIME_TABLE_ID, TIMING_ID) VALUES (-66, 180, FALSE, FALSE, '703010', NULL, -2, NULL)
INSERT INTO COURSE_SESSION(ID, DURATION, IS_ASSIGNED, IS_FIXED, COURSE_ID, ROOM_TABLE_ID, TIME_TABLE_ID, TIMING_ID) VALUES (-67, 90, FALSE, FALSE, '703012', NULL, -2, NULL)
INSERT INTO COURSE_SESSION(ID, DURATION, IS_ASSIGNED, IS_FIXED, COURSE_ID, ROOM_TABLE_ID, TIME_TABLE_ID, TIMING_ID) VALUES (-68, 90, FALSE, FALSE, '703012', NULL, -2, NULL)
INSERT INTO COURSE_SESSION(ID, DURATION, IS_ASSIGNED, IS_FIXED, COURSE_ID, ROOM_TABLE_ID, TIME_TABLE_ID, TIMING_ID) VALUES (-69, 90, FALSE, FALSE, '703012', NULL, -2, NULL)
INSERT INTO COURSE_SESSION(ID, DURATION, IS_ASSIGNED, IS_FIXED, COURSE_ID, ROOM_TABLE_ID, TIME_TABLE_ID, TIMING_ID) VALUES (-70, 180, FALSE, FALSE, '703013', NULL, -2, NULL)
INSERT INTO COURSE_SESSION(ID, DURATION, IS_ASSIGNED, IS_FIXED, COURSE_ID, ROOM_TABLE_ID, TIME_TABLE_ID, TIMING_ID) VALUES (-71, 180, FALSE, FALSE, '703020', NULL, -2, NULL)
INSERT INTO COURSE_SESSION(ID, DURATION, IS_ASSIGNED, IS_FIXED, COURSE_ID, ROOM_TABLE_ID, TIME_TABLE_ID, TIMING_ID) VALUES (-72, 90, FALSE, FALSE, '703021', NULL, -2, NULL)
INSERT INTO COURSE_SESSION(ID, DURATION, IS_ASSIGNED, IS_FIXED, COURSE_ID, ROOM_TABLE_ID, TIME_TABLE_ID, TIMING_ID) VALUES (-73, 90, FALSE, FALSE, '703021', NULL, -2, NULL)
INSERT INTO COURSE_SESSION(ID, DURATION, IS_ASSIGNED, IS_FIXED, COURSE_ID, ROOM_TABLE_ID, TIME_TABLE_ID, TIMING_ID) VALUES (-74, 90, FALSE, FALSE, '703021', NULL, -2, NULL)
INSERT INTO COURSE_SESSION(ID, DURATION, IS_ASSIGNED, IS_FIXED, COURSE_ID, ROOM_TABLE_ID, TIME_TABLE_ID, TIMING_ID) VALUES (-75, 180, FALSE, FALSE, '703033', NULL, -2, NULL)
INSERT INTO COURSE_SESSION(ID, DURATION, IS_ASSIGNED, IS_FIXED, COURSE_ID, ROOM_TABLE_ID, TIME_TABLE_ID, TIMING_ID) VALUES (-76, 90, FALSE, FALSE, '703034', NULL, -2, NULL)
INSERT INTO COURSE_SESSION(ID, DURATION, IS_ASSIGNED, IS_FIXED, COURSE_ID, ROOM_TABLE_ID, TIME_TABLE_ID, TIMING_ID) VALUES (-77, 90, FALSE, FALSE, '703034', NULL, -2, NULL)
INSERT INTO COURSE_SESSION(ID, DURATION, IS_ASSIGNED, IS_FIXED, COURSE_ID, ROOM_TABLE_ID, TIME_TABLE_ID, TIMING_ID) VALUES (-78, 90, FALSE, FALSE, '703034', NULL, -2, NULL)
INSERT INTO COURSE_SESSION(ID, DURATION, IS_ASSIGNED, IS_FIXED, COURSE_ID, ROOM_TABLE_ID, TIME_TABLE_ID, TIMING_ID) VALUES (-79, 90, FALSE, FALSE, '703034', NULL, -2, NULL)
INSERT INTO COURSE_SESSION(ID, DURATION, IS_ASSIGNED, IS_FIXED, COURSE_ID, ROOM_TABLE_ID, TIME_TABLE_ID, TIMING_ID) VALUES (-80, 90, FALSE, FALSE, '703034', NULL, -2, NULL)
INSERT INTO COURSE_SESSION(ID, DURATION, IS_ASSIGNED, IS_FIXED, COURSE_ID, ROOM_TABLE_ID, TIME_TABLE_ID, TIMING_ID) VALUES (-81, 90, FALSE, FALSE, '703034', NULL, -2, NULL)
INSERT INTO COURSE_SESSION(ID, DURATION, IS_ASSIGNED, IS_FIXED, COURSE_ID, ROOM_TABLE_ID, TIME_TABLE_ID, TIMING_ID) VALUES (-82, 90, FALSE, FALSE, '703034', NULL, -2, NULL)
INSERT INTO COURSE_SESSION(ID, DURATION, IS_ASSIGNED, IS_FIXED, COURSE_ID, ROOM_TABLE_ID, TIME_TABLE_ID, TIMING_ID) VALUES (-83, 90, FALSE, FALSE, '703034', NULL, -2, NULL)
INSERT INTO COURSE_SESSION(ID, DURATION, IS_ASSIGNED, IS_FIXED, COURSE_ID, ROOM_TABLE_ID, TIME_TABLE_ID, TIMING_ID) VALUES (-84, 120, FALSE, FALSE, '703067', NULL, -2, NULL)
INSERT INTO COURSE_SESSION(ID, DURATION, IS_ASSIGNED, IS_FIXED, COURSE_ID, ROOM_TABLE_ID, TIME_TABLE_ID, TIMING_ID) VALUES (-85, 45, FALSE, FALSE, '703068', NULL, -2, NULL)
INSERT INTO COURSE_SESSION(ID, DURATION, IS_ASSIGNED, IS_FIXED, COURSE_ID, ROOM_TABLE_ID, TIME_TABLE_ID, TIMING_ID) VALUES (-86, 45, FALSE, FALSE, '703068', NULL, -2, NULL)
INSERT INTO COURSE_SESSION(ID, DURATION, IS_ASSIGNED, IS_FIXED, COURSE_ID, ROOM_TABLE_ID, TIME_TABLE_ID, TIMING_ID) VALUES (-87, 45, FALSE, FALSE, '703068', NULL, -2, NULL)
INSERT INTO COURSE_SESSION(ID, DURATION, IS_ASSIGNED, IS_FIXED, COURSE_ID, ROOM_TABLE_ID, TIME_TABLE_ID, TIMING_ID) VALUES (-88, 45, FALSE, FALSE, '703068', NULL, -2, NULL)
INSERT INTO COURSE_SESSION(ID, DURATION, IS_ASSIGNED, IS_FIXED, COURSE_ID, ROOM_TABLE_ID, TIME_TABLE_ID, TIMING_ID) VALUES (-89, 45, FALSE, FALSE, '703068', NULL, -2, NULL)
INSERT INTO COURSE_SESSION(ID, DURATION, IS_ASSIGNED, IS_FIXED, COURSE_ID, ROOM_TABLE_ID, TIME_TABLE_ID, TIMING_ID) VALUES (-90, 45, FALSE, FALSE, '703068', NULL, -2, NULL)
INSERT INTO COURSE_SESSION(ID, DURATION, IS_ASSIGNED, IS_FIXED, COURSE_ID, ROOM_TABLE_ID, TIME_TABLE_ID, TIMING_ID) VALUES (-91, 45, FALSE, FALSE, '703068', NULL, -2, NULL)
INSERT INTO COURSE_SESSION(ID, DURATION, IS_ASSIGNED, IS_FIXED, COURSE_ID, ROOM_TABLE_ID, TIME_TABLE_ID, TIMING_ID) VALUES (-92, 45, FALSE, FALSE, '703068', NULL, -2, NULL)
INSERT INTO COURSE_SESSION(ID, DURATION, IS_ASSIGNED, IS_FIXED, COURSE_ID, ROOM_TABLE_ID, TIME_TABLE_ID, TIMING_ID) VALUES (-93, 120, FALSE, FALSE, '703069', NULL, -2, NULL)
INSERT INTO COURSE_SESSION(ID, DURATION, IS_ASSIGNED, IS_FIXED, COURSE_ID, ROOM_TABLE_ID, TIME_TABLE_ID, TIMING_ID) VALUES (-94, 45, FALSE, FALSE, '703070', NULL, -2, NULL)
INSERT INTO COURSE_SESSION(ID, DURATION, IS_ASSIGNED, IS_FIXED, COURSE_ID, ROOM_TABLE_ID, TIME_TABLE_ID, TIMING_ID) VALUES (-95, 45, FALSE, FALSE, '703070', NULL, -2, NULL)
INSERT INTO COURSE_SESSION(ID, DURATION, IS_ASSIGNED, IS_FIXED, COURSE_ID, ROOM_TABLE_ID, TIME_TABLE_ID, TIMING_ID) VALUES (-96, 45, FALSE, FALSE, '703070', NULL, -2, NULL)
INSERT INTO COURSE_SESSION(ID, DURATION, IS_ASSIGNED, IS_FIXED, COURSE_ID, ROOM_TABLE_ID, TIME_TABLE_ID, TIMING_ID) VALUES (-97, 45, FALSE, FALSE, '703070', NULL, -2, NULL)
INSERT INTO COURSE_SESSION(ID, DURATION, IS_ASSIGNED, IS_FIXED, COURSE_ID, ROOM_TABLE_ID, TIME_TABLE_ID, TIMING_ID) VALUES (-98, 45, FALSE, FALSE, '703070', NULL, -2, NULL)
INSERT INTO COURSE_SESSION(ID, DURATION, IS_ASSIGNED, IS_FIXED, COURSE_ID, ROOM_TABLE_ID, TIME_TABLE_ID, TIMING_ID) VALUES (-99, 45, FALSE, FALSE, '703070', NULL, -2, NULL)
INSERT INTO COURSE_SESSION(ID, DURATION, IS_ASSIGNED, IS_FIXED, COURSE_ID, ROOM_TABLE_ID, TIME_TABLE_ID, TIMING_ID) VALUES (-100, 180, FALSE, FALSE, '703071', NULL, -2, NULL)
INSERT INTO COURSE_SESSION(ID, DURATION, IS_ASSIGNED, IS_FIXED, COURSE_ID, ROOM_TABLE_ID, TIME_TABLE_ID, TIMING_ID) VALUES (-101, 90, FALSE, FALSE, '703072', NULL, -2, NULL)
INSERT INTO COURSE_SESSION(ID, DURATION, IS_ASSIGNED, IS_FIXED, COURSE_ID, ROOM_TABLE_ID, TIME_TABLE_ID, TIMING_ID) VALUES (-102, 90, FALSE, FALSE, '703072', NULL, -2, NULL)
INSERT INTO COURSE_SESSION(ID, DURATION, IS_ASSIGNED, IS_FIXED, COURSE_ID, ROOM_TABLE_ID, TIME_TABLE_ID, TIMING_ID) VALUES (-103, 90, FALSE, FALSE, '703072', NULL, -2, NULL)
INSERT INTO COURSE_SESSION(ID, DURATION, IS_ASSIGNED, IS_FIXED, COURSE_ID, ROOM_TABLE_ID, TIME_TABLE_ID, TIMING_ID) VALUES (-104, 90, FALSE, FALSE, '703072', NULL, -2, NULL)
INSERT INTO COURSE_SESSION(ID, DURATION, IS_ASSIGNED, IS_FIXED, COURSE_ID, ROOM_TABLE_ID, TIME_TABLE_ID, TIMING_ID) VALUES (-105, 90, FALSE, FALSE, '703072', NULL, -2, NULL)
INSERT INTO COURSE_SESSION(ID, DURATION, IS_ASSIGNED, IS_FIXED, COURSE_ID, ROOM_TABLE_ID, TIME_TABLE_ID, TIMING_ID) VALUES (-106, 90, FALSE, FALSE, '703072', NULL, -2, NULL)
INSERT INTO COURSE_SESSION(ID, DURATION, IS_ASSIGNED, IS_FIXED, COURSE_ID, ROOM_TABLE_ID, TIME_TABLE_ID, TIMING_ID) VALUES (-107, 90, FALSE, FALSE, '703072', NULL, -2, NULL)
INSERT INTO COURSE_SESSION(ID, DURATION, IS_ASSIGNED, IS_FIXED, COURSE_ID, ROOM_TABLE_ID, TIME_TABLE_ID, TIMING_ID) VALUES (-108, 90, FALSE, FALSE, '703072', NULL, -2, NULL)
INSERT INTO COURSE_SESSION(ID, DURATION, IS_ASSIGNED, IS_FIXED, COURSE_ID, ROOM_TABLE_ID, TIME_TABLE_ID, TIMING_ID) VALUES (-109, 180, FALSE, FALSE, '703026', NULL, -2, NULL)
INSERT INTO COURSE_SESSION(ID, DURATION, IS_ASSIGNED, IS_FIXED, COURSE_ID, ROOM_TABLE_ID, TIME_TABLE_ID, TIMING_ID) VALUES (-110, 90, FALSE, FALSE, '703027', NULL, -2, NULL)
INSERT INTO COURSE_SESSION(ID, DURATION, IS_ASSIGNED, IS_FIXED, COURSE_ID, ROOM_TABLE_ID, TIME_TABLE_ID, TIMING_ID) VALUES (-111, 90, FALSE, FALSE, '703027', NULL, -2, NULL)
INSERT INTO COURSE_SESSION(ID, DURATION, IS_ASSIGNED, IS_FIXED, COURSE_ID, ROOM_TABLE_ID, TIME_TABLE_ID, TIMING_ID) VALUES (-112, 90, FALSE, FALSE, '703027', NULL, -2, NULL)
INSERT INTO COURSE_SESSION(ID, DURATION, IS_ASSIGNED, IS_FIXED, COURSE_ID, ROOM_TABLE_ID, TIME_TABLE_ID, TIMING_ID) VALUES (-113, 180, FALSE, FALSE, '703075', NULL, -2, NULL)
INSERT INTO COURSE_SESSION(ID, DURATION, IS_ASSIGNED, IS_FIXED, COURSE_ID, ROOM_TABLE_ID, TIME_TABLE_ID, TIMING_ID) VALUES (-114, 90, FALSE, FALSE, '703076', NULL, -2, NULL)
INSERT INTO COURSE_SESSION(ID, DURATION, IS_ASSIGNED, IS_FIXED, COURSE_ID, ROOM_TABLE_ID, TIME_TABLE_ID, TIMING_ID) VALUES (-115, 90, FALSE, FALSE, '703076', NULL, -2, NULL)
INSERT INTO COURSE_SESSION(ID, DURATION, IS_ASSIGNED, IS_FIXED, COURSE_ID, ROOM_TABLE_ID, TIME_TABLE_ID, TIMING_ID) VALUES (-116, 90, FALSE, FALSE, '703076', NULL, -2, NULL)
INSERT INTO COURSE_SESSION(ID, DURATION, IS_ASSIGNED, IS_FIXED, COURSE_ID, ROOM_TABLE_ID, TIME_TABLE_ID, TIMING_ID) VALUES (-117, 120, FALSE, FALSE, '703077', NULL, -2, NULL)
INSERT INTO COURSE_SESSION(ID, DURATION, IS_ASSIGNED, IS_FIXED, COURSE_ID, ROOM_TABLE_ID, TIME_TABLE_ID, TIMING_ID) VALUES (-118, 45, FALSE, FALSE, '703078', NULL, -2, NULL)
INSERT INTO COURSE_SESSION(ID, DURATION, IS_ASSIGNED, IS_FIXED, COURSE_ID, ROOM_TABLE_ID, TIME_TABLE_ID, TIMING_ID) VALUES (-119, 45, FALSE, FALSE, '703078', NULL, -2, NULL)
INSERT INTO COURSE_SESSION(ID, DURATION, IS_ASSIGNED, IS_FIXED, COURSE_ID, ROOM_TABLE_ID, TIME_TABLE_ID, TIMING_ID) VALUES (-120, 45, FALSE, FALSE, '703078', NULL, -2, NULL)
INSERT INTO COURSE_SESSION(ID, DURATION, IS_ASSIGNED, IS_FIXED, COURSE_ID, ROOM_TABLE_ID, TIME_TABLE_ID, TIMING_ID) VALUES (-121, 120, FALSE, FALSE, '703079', NULL, -2, NULL)
INSERT INTO COURSE_SESSION(ID, DURATION, IS_ASSIGNED, IS_FIXED, COURSE_ID, ROOM_TABLE_ID, TIME_TABLE_ID, TIMING_ID) VALUES (-122, 90, FALSE, FALSE, '703080', NULL, -2, NULL)
INSERT INTO COURSE_SESSION(ID, DURATION, IS_ASSIGNED, IS_FIXED, COURSE_ID, ROOM_TABLE_ID, TIME_TABLE_ID, TIMING_ID) VALUES (-123, 90, FALSE, FALSE, '703080', NULL, -2, NULL)
INSERT INTO COURSE_SESSION(ID, DURATION, IS_ASSIGNED, IS_FIXED, COURSE_ID, ROOM_TABLE_ID, TIME_TABLE_ID, TIMING_ID) VALUES (-124, 90, FALSE, FALSE, '703080', NULL, -2, NULL)
INSERT INTO COURSE_SESSION(ID, DURATION, IS_ASSIGNED, IS_FIXED, COURSE_ID, ROOM_TABLE_ID, TIME_TABLE_ID, TIMING_ID) VALUES (-125, 90, FALSE, FALSE, '703080', NULL, -2, NULL)
INSERT INTO COURSE_SESSION(ID, DURATION, IS_ASSIGNED, IS_FIXED, COURSE_ID, ROOM_TABLE_ID, TIME_TABLE_ID, TIMING_ID) VALUES (-126, 90, FALSE, FALSE, '703080', NULL, -2, NULL)
INSERT INTO COURSE_SESSION(ID, DURATION, IS_ASSIGNED, IS_FIXED, COURSE_ID, ROOM_TABLE_ID, TIME_TABLE_ID, TIMING_ID) VALUES (-127, 90, FALSE, FALSE, '703080', NULL, -2, NULL)
INSERT INTO COURSE_SESSION(ID, DURATION, IS_ASSIGNED, IS_FIXED, COURSE_ID, ROOM_TABLE_ID, TIME_TABLE_ID, TIMING_ID) VALUES (-128, 90, FALSE, FALSE, '703073', NULL, -2, NULL)
INSERT INTO COURSE_SESSION(ID, DURATION, IS_ASSIGNED, IS_FIXED, COURSE_ID, ROOM_TABLE_ID, TIME_TABLE_ID, TIMING_ID) VALUES (-129, 180, FALSE, FALSE, '703087', NULL, -2, NULL)
INSERT INTO COURSE_SESSION(ID, DURATION, IS_ASSIGNED, IS_FIXED, COURSE_ID, ROOM_TABLE_ID, TIME_TABLE_ID, TIMING_ID) VALUES (-130, 90, FALSE, FALSE, '703088', NULL, -2, NULL)
INSERT INTO COURSE_SESSION(ID, DURATION, IS_ASSIGNED, IS_FIXED, COURSE_ID, ROOM_TABLE_ID, TIME_TABLE_ID, TIMING_ID) VALUES (-131, 90, FALSE, FALSE, '703088', NULL, -2, NULL)
INSERT INTO COURSE_SESSION(ID, DURATION, IS_ASSIGNED, IS_FIXED, COURSE_ID, ROOM_TABLE_ID, TIME_TABLE_ID, TIMING_ID) VALUES (-132, 90, FALSE, FALSE, '703088', NULL, -2, NULL)
INSERT INTO COURSE_SESSION(ID, DURATION, IS_ASSIGNED, IS_FIXED, COURSE_ID, ROOM_TABLE_ID, TIME_TABLE_ID, TIMING_ID) VALUES (-133, 90, FALSE, FALSE, '703088', NULL, -2, NULL)
INSERT INTO COURSE_SESSION(ID, DURATION, IS_ASSIGNED, IS_FIXED, COURSE_ID, ROOM_TABLE_ID, TIME_TABLE_ID, TIMING_ID) VALUES (-134, 90, FALSE, FALSE, '703088', NULL, -2, NULL)
INSERT INTO COURSE_SESSION(ID, DURATION, IS_ASSIGNED, IS_FIXED, COURSE_ID, ROOM_TABLE_ID, TIME_TABLE_ID, TIMING_ID) VALUES (-135, 90, FALSE, FALSE, '703088', NULL, -2, NULL)
INSERT INTO COURSE_SESSION(ID, DURATION, IS_ASSIGNED, IS_FIXED, COURSE_ID, ROOM_TABLE_ID, TIME_TABLE_ID, TIMING_ID) VALUES (-136, 180, FALSE, FALSE, '703089', NULL, -2, NULL)
INSERT INTO COURSE_SESSION(ID, DURATION, IS_ASSIGNED, IS_FIXED, COURSE_ID, ROOM_TABLE_ID, TIME_TABLE_ID, TIMING_ID) VALUES (-137, 90, FALSE, FALSE, '703090', NULL, -2, NULL)
INSERT INTO COURSE_SESSION(ID, DURATION, IS_ASSIGNED, IS_FIXED, COURSE_ID, ROOM_TABLE_ID, TIME_TABLE_ID, TIMING_ID) VALUES (-138, 90, FALSE, FALSE, '703090', NULL, -2, NULL)
INSERT INTO COURSE_SESSION(ID, DURATION, IS_ASSIGNED, IS_FIXED, COURSE_ID, ROOM_TABLE_ID, TIME_TABLE_ID, TIMING_ID) VALUES (-139, 90, FALSE, FALSE, '703090', NULL, -2, NULL)
INSERT INTO COURSE_SESSION(ID, DURATION, IS_ASSIGNED, IS_FIXED, COURSE_ID, ROOM_TABLE_ID, TIME_TABLE_ID, TIMING_ID) VALUES (-140, 90, FALSE, FALSE, '703090', NULL, -2, NULL)
INSERT INTO COURSE_SESSION(ID, DURATION, IS_ASSIGNED, IS_FIXED, COURSE_ID, ROOM_TABLE_ID, TIME_TABLE_ID, TIMING_ID) VALUES (-141, 90, FALSE, FALSE, '703090', NULL, -2, NULL)
INSERT INTO COURSE_SESSION(ID, DURATION, IS_ASSIGNED, IS_FIXED, COURSE_ID, ROOM_TABLE_ID, TIME_TABLE_ID, TIMING_ID) VALUES (-142, 90, FALSE, FALSE, '703090', NULL, -2, NULL)
INSERT INTO COURSE_SESSION(ID, DURATION, IS_ASSIGNED, IS_FIXED, COURSE_ID, ROOM_TABLE_ID, TIME_TABLE_ID, TIMING_ID) VALUES (-143, 90, FALSE, FALSE, '703090', NULL, -2, NULL)
INSERT INTO COURSE_SESSION(ID, DURATION, IS_ASSIGNED, IS_FIXED, COURSE_ID, ROOM_TABLE_ID, TIME_TABLE_ID, TIMING_ID) VALUES (-144, 180, FALSE, FALSE, '703135', NULL, -2, NULL)
INSERT INTO COURSE_SESSION(ID, DURATION, IS_ASSIGNED, IS_FIXED, COURSE_ID, ROOM_TABLE_ID, TIME_TABLE_ID, TIMING_ID) VALUES (-145, 180, FALSE, FALSE, '703141', NULL, -2, NULL)
INSERT INTO COURSE_SESSION(ID, DURATION, IS_ASSIGNED, IS_FIXED, COURSE_ID, ROOM_TABLE_ID, TIME_TABLE_ID, TIMING_ID) VALUES (-146, 180, FALSE, FALSE, '703134', NULL, -2, NULL)
INSERT INTO COURSE_SESSION(ID, DURATION, IS_ASSIGNED, IS_FIXED, COURSE_ID, ROOM_TABLE_ID, TIME_TABLE_ID, TIMING_ID) VALUES (-147, 180, FALSE, FALSE, '703136', NULL, -2, NULL)
INSERT INTO COURSE_SESSION(ID, DURATION, IS_ASSIGNED, IS_FIXED, COURSE_ID, ROOM_TABLE_ID, TIME_TABLE_ID, TIMING_ID) VALUES (-148, 90, FALSE, FALSE, '703042', NULL, -2, NULL)
INSERT INTO COURSE_SESSION(ID, DURATION, IS_ASSIGNED, IS_FIXED, COURSE_ID, ROOM_TABLE_ID, TIME_TABLE_ID, TIMING_ID) VALUES (-149, 90, FALSE, FALSE, '703081', NULL, -2, NULL)
INSERT INTO COURSE_SESSION(ID, DURATION, IS_ASSIGNED, IS_FIXED, COURSE_ID, ROOM_TABLE_ID, TIME_TABLE_ID, TIMING_ID) VALUES (-150, 180, FALSE, FALSE, '703082', NULL, -2, NULL)
INSERT INTO COURSE_SESSION(ID, DURATION, IS_ASSIGNED, IS_FIXED, COURSE_ID, ROOM_TABLE_ID, TIME_TABLE_ID, TIMING_ID) VALUES (-151, 180, FALSE, FALSE, '703133', NULL, -2, NULL)
INSERT INTO COURSE_SESSION(ID, DURATION, IS_ASSIGNED, IS_FIXED, COURSE_ID, ROOM_TABLE_ID, TIME_TABLE_ID, TIMING_ID) VALUES (-152, 180, FALSE, FALSE, '703146', NULL, -2, NULL)
INSERT INTO COURSE_SESSION(ID, DURATION, IS_ASSIGNED, IS_FIXED, COURSE_ID, ROOM_TABLE_ID, TIME_TABLE_ID, TIMING_ID) VALUES (-153, 180, FALSE, FALSE, '703083', NULL, -2, NULL)
INSERT INTO COURSE_SESSION(ID, DURATION, IS_ASSIGNED, IS_FIXED, COURSE_ID, ROOM_TABLE_ID, TIME_TABLE_ID, TIMING_ID) VALUES (-154, 90, FALSE, FALSE, '703084', NULL, -2, NULL)
INSERT INTO COURSE_SESSION(ID, DURATION, IS_ASSIGNED, IS_FIXED, COURSE_ID, ROOM_TABLE_ID, TIME_TABLE_ID, TIMING_ID) VALUES (-155, 90, FALSE, FALSE, '703084', NULL, -2, NULL)
INSERT INTO COURSE_SESSION(ID, DURATION, IS_ASSIGNED, IS_FIXED, COURSE_ID, ROOM_TABLE_ID, TIME_TABLE_ID, TIMING_ID) VALUES (-156, 90, FALSE, FALSE, '703084', NULL, -2, NULL)
INSERT INTO COURSE_SESSION(ID, DURATION, IS_ASSIGNED, IS_FIXED, COURSE_ID, ROOM_TABLE_ID, TIME_TABLE_ID, TIMING_ID) VALUES (-157, 90, FALSE, FALSE, '703084', NULL, -2, NULL)
INSERT INTO COURSE_SESSION(ID, DURATION, IS_ASSIGNED, IS_FIXED, COURSE_ID, ROOM_TABLE_ID, TIME_TABLE_ID, TIMING_ID) VALUES (-158, 90, FALSE, FALSE, '703084', NULL, -2, NULL)
INSERT INTO COURSE_SESSION(ID, DURATION, IS_ASSIGNED, IS_FIXED, COURSE_ID, ROOM_TABLE_ID, TIME_TABLE_ID, TIMING_ID) VALUES (-159, 180, FALSE, FALSE, '703085', NULL, -2, NULL)
INSERT INTO COURSE_SESSION(ID, DURATION, IS_ASSIGNED, IS_FIXED, COURSE_ID, ROOM_TABLE_ID, TIME_TABLE_ID, TIMING_ID) VALUES (-160, 90, FALSE, FALSE, '703086', NULL, -2, NULL)
INSERT INTO COURSE_SESSION(ID, DURATION, IS_ASSIGNED, IS_FIXED, COURSE_ID, ROOM_TABLE_ID, TIME_TABLE_ID, TIMING_ID) VALUES (-161, 90, FALSE, FALSE, '703086', NULL, -2, NULL)
INSERT INTO COURSE_SESSION(ID, DURATION, IS_ASSIGNED, IS_FIXED, COURSE_ID, ROOM_TABLE_ID, TIME_TABLE_ID, TIMING_ID) VALUES (-162, 90, FALSE, FALSE, '703086', NULL, -2, NULL)
INSERT INTO COURSE_SESSION(ID, DURATION, IS_ASSIGNED, IS_FIXED, COURSE_ID, ROOM_TABLE_ID, TIME_TABLE_ID, TIMING_ID) VALUES (-163, 90, FALSE, FALSE, '703086', NULL, -2, NULL)
INSERT INTO COURSE_SESSION(ID, DURATION, IS_ASSIGNED, IS_FIXED, COURSE_ID, ROOM_TABLE_ID, TIME_TABLE_ID, TIMING_ID) VALUES (-164, 90, FALSE, FALSE, '703086', NULL, -2, NULL)
INSERT INTO COURSE_SESSION(ID, DURATION, IS_ASSIGNED, IS_FIXED, COURSE_ID, ROOM_TABLE_ID, TIME_TABLE_ID, TIMING_ID) VALUES (-165, 120, FALSE, FALSE, '702631', NULL, -2, NULL)
INSERT INTO COURSE_SESSION(ID, DURATION, IS_ASSIGNED, IS_FIXED, COURSE_ID, ROOM_TABLE_ID, TIME_TABLE_ID, TIMING_ID) VALUES (-166, 45, FALSE, FALSE, '702632', NULL, -2, NULL)
INSERT INTO COURSE_SESSION(ID, DURATION, IS_ASSIGNED, IS_FIXED, COURSE_ID, ROOM_TABLE_ID, TIME_TABLE_ID, TIMING_ID) VALUES (-167, 45, FALSE, FALSE, '702632', NULL, -2, NULL)
INSERT INTO COURSE_SESSION(ID, DURATION, IS_ASSIGNED, IS_FIXED, COURSE_ID, ROOM_TABLE_ID, TIME_TABLE_ID, TIMING_ID) VALUES (-168, 45, FALSE, FALSE, '702632', NULL, -2, NULL)
INSERT INTO COURSE_SESSION(ID, DURATION, IS_ASSIGNED, IS_FIXED, COURSE_ID, ROOM_TABLE_ID, TIME_TABLE_ID, TIMING_ID) VALUES (-169, 45, FALSE, FALSE, '702632', NULL, -2, NULL)

-- courseSessions of timeTable3
INSERT INTO COURSE_SESSION(ID, DURATION, IS_ASSIGNED, IS_FIXED, COURSE_ID, ROOM_TABLE_ID, TIME_TABLE_ID, TIMING_ID) VALUES (-170, 180, TRUE, FALSE, '703003', -40, -3, -22)
INSERT INTO COURSE_SESSION(ID, DURATION, IS_ASSIGNED, IS_FIXED, COURSE_ID, ROOM_TABLE_ID, TIME_TABLE_ID, TIMING_ID) VALUES (-171, 90, TRUE, FALSE, '703004', -44, -3, -23)
INSERT INTO COURSE_SESSION(ID, DURATION, IS_ASSIGNED, IS_FIXED, COURSE_ID, ROOM_TABLE_ID, TIME_TABLE_ID, TIMING_ID) VALUES (-172, 90, TRUE, FALSE, '703004', -46, -3, -24)
INSERT INTO COURSE_SESSION(ID, DURATION, IS_ASSIGNED, IS_FIXED, COURSE_ID, ROOM_TABLE_ID, TIME_TABLE_ID, TIMING_ID) VALUES (-173, 90, TRUE, FALSE, '703004', -47, -3, -25)
INSERT INTO COURSE_SESSION(ID, DURATION, IS_ASSIGNED, IS_FIXED, COURSE_ID, ROOM_TABLE_ID, TIME_TABLE_ID, TIMING_ID) VALUES (-174, 90, TRUE, FALSE, '703004', -43, -3, -26)
INSERT INTO COURSE_SESSION(ID, DURATION, IS_ASSIGNED, IS_FIXED, COURSE_ID, ROOM_TABLE_ID, TIME_TABLE_ID, TIMING_ID) VALUES (-175, 90, TRUE, FALSE, '703004', -46, -3, -27)
INSERT INTO COURSE_SESSION(ID, DURATION, IS_ASSIGNED, IS_FIXED, COURSE_ID, ROOM_TABLE_ID, TIME_TABLE_ID, TIMING_ID) VALUES (-176, 90, TRUE, FALSE, '703004', -44, -3, -28)
INSERT INTO COURSE_SESSION(ID, DURATION, IS_ASSIGNED, IS_FIXED, COURSE_ID, ROOM_TABLE_ID, TIME_TABLE_ID, TIMING_ID) VALUES (-177, 90, TRUE, FALSE, '703004', -44, -3, -29)
INSERT INTO COURSE_SESSION(ID, DURATION, IS_ASSIGNED, IS_FIXED, COURSE_ID, ROOM_TABLE_ID, TIME_TABLE_ID, TIMING_ID) VALUES (-178, 45, TRUE, FALSE, '703025', -48, -3, -30)
INSERT INTO COURSE_SESSION(ID, DURATION, IS_ASSIGNED, IS_FIXED, COURSE_ID, ROOM_TABLE_ID, TIME_TABLE_ID, TIMING_ID) VALUES (-179, 45, TRUE, FALSE, '703025', -46, -3, -31)
INSERT INTO COURSE_SESSION(ID, DURATION, IS_ASSIGNED, IS_FIXED, COURSE_ID, ROOM_TABLE_ID, TIME_TABLE_ID, TIMING_ID) VALUES (-180, 45, TRUE, FALSE, '703025', -44, -3, -32)
INSERT INTO COURSE_SESSION(ID, DURATION, IS_ASSIGNED, IS_FIXED, COURSE_ID, ROOM_TABLE_ID, TIME_TABLE_ID, TIMING_ID) VALUES (-181, 45, TRUE, FALSE, '703025', -49, -3, -33)
INSERT INTO COURSE_SESSION(ID, DURATION, IS_ASSIGNED, IS_FIXED, COURSE_ID, ROOM_TABLE_ID, TIME_TABLE_ID, TIMING_ID) VALUES (-182, 45, TRUE, FALSE, '703025', -44, -3, -34)
INSERT INTO COURSE_SESSION(ID, DURATION, IS_ASSIGNED, IS_FIXED, COURSE_ID, ROOM_TABLE_ID, TIME_TABLE_ID, TIMING_ID) VALUES (-183, 45, TRUE, FALSE, '703025', -43, -3, -35)
INSERT INTO COURSE_SESSION(ID, DURATION, IS_ASSIGNED, IS_FIXED, COURSE_ID, ROOM_TABLE_ID, TIME_TABLE_ID, TIMING_ID) VALUES (-184, 120, TRUE, FALSE, '703024', -41, -3, -36)
INSERT INTO COURSE_SESSION(ID, DURATION, IS_ASSIGNED, IS_FIXED, COURSE_ID, ROOM_TABLE_ID, TIME_TABLE_ID, TIMING_ID) VALUES (-185, 45, TRUE, FALSE, '703063', -53, -3, -37)
INSERT INTO COURSE_SESSION(ID, DURATION, IS_ASSIGNED, IS_FIXED, COURSE_ID, ROOM_TABLE_ID, TIME_TABLE_ID, TIMING_ID) VALUES (-186, 45, TRUE, FALSE, '703063', -56, -3, -38)
INSERT INTO COURSE_SESSION(ID, DURATION, IS_ASSIGNED, IS_FIXED, COURSE_ID, ROOM_TABLE_ID, TIME_TABLE_ID, TIMING_ID) VALUES (-187, 45, TRUE, FALSE, '703063', -60, -3, -39)
INSERT INTO COURSE_SESSION(ID, DURATION, IS_ASSIGNED, IS_FIXED, COURSE_ID, ROOM_TABLE_ID, TIME_TABLE_ID, TIMING_ID) VALUES (-188, 45, TRUE, FALSE, '703063', -51, -3, -40)
INSERT INTO COURSE_SESSION(ID, DURATION, IS_ASSIGNED, IS_FIXED, COURSE_ID, ROOM_TABLE_ID, TIME_TABLE_ID, TIMING_ID) VALUES (-189, 45, TRUE, FALSE, '703063', -61, -3, -41)
INSERT INTO COURSE_SESSION(ID, DURATION, IS_ASSIGNED, IS_FIXED, COURSE_ID, ROOM_TABLE_ID, TIME_TABLE_ID, TIMING_ID) VALUES (-190, 45, TRUE, FALSE, '703063', -52, -3, -42)
INSERT INTO COURSE_SESSION(ID, DURATION, IS_ASSIGNED, IS_FIXED, COURSE_ID, ROOM_TABLE_ID, TIME_TABLE_ID, TIMING_ID) VALUES (-191, 45, TRUE, FALSE, '703063', -54, -3, -43)
INSERT INTO COURSE_SESSION(ID, DURATION, IS_ASSIGNED, IS_FIXED, COURSE_ID, ROOM_TABLE_ID, TIME_TABLE_ID, TIMING_ID) VALUES (-192, 45, TRUE, FALSE, '703063', -51, -3, -44)
INSERT INTO COURSE_SESSION(ID, DURATION, IS_ASSIGNED, IS_FIXED, COURSE_ID, ROOM_TABLE_ID, TIME_TABLE_ID, TIMING_ID) VALUES (-193, 120, TRUE, FALSE, '703064', -39, -3, -45)
INSERT INTO COURSE_SESSION(ID, DURATION, IS_ASSIGNED, IS_FIXED, COURSE_ID, ROOM_TABLE_ID, TIME_TABLE_ID, TIMING_ID) VALUES (-194, 45, TRUE, FALSE, '703062', -51, -3, -46)
INSERT INTO COURSE_SESSION(ID, DURATION, IS_ASSIGNED, IS_FIXED, COURSE_ID, ROOM_TABLE_ID, TIME_TABLE_ID, TIMING_ID) VALUES (-195, 120, TRUE, FALSE, '703007', -35, -3, -47)
INSERT INTO COURSE_SESSION(ID, DURATION, IS_ASSIGNED, IS_FIXED, COURSE_ID, ROOM_TABLE_ID, TIME_TABLE_ID, TIMING_ID) VALUES (-196, 45, TRUE, FALSE, '703098', -60, -3, -48)
INSERT INTO COURSE_SESSION(ID, DURATION, IS_ASSIGNED, IS_FIXED, COURSE_ID, ROOM_TABLE_ID, TIME_TABLE_ID, TIMING_ID) VALUES (-197, 45, TRUE, FALSE, '703098', -52, -3, -49)
INSERT INTO COURSE_SESSION(ID, DURATION, IS_ASSIGNED, IS_FIXED, COURSE_ID, ROOM_TABLE_ID, TIME_TABLE_ID, TIMING_ID) VALUES (-198, 45, TRUE, FALSE, '703098', -56, -3, -50)
INSERT INTO COURSE_SESSION(ID, DURATION, IS_ASSIGNED, IS_FIXED, COURSE_ID, ROOM_TABLE_ID, TIME_TABLE_ID, TIMING_ID) VALUES (-199, 45, TRUE, FALSE, '703098', -56, -3, -51)
INSERT INTO COURSE_SESSION(ID, DURATION, IS_ASSIGNED, IS_FIXED, COURSE_ID, ROOM_TABLE_ID, TIME_TABLE_ID, TIMING_ID) VALUES (-200, 45, TRUE, FALSE, '703098', -51, -3, -52)
INSERT INTO COURSE_SESSION(ID, DURATION, IS_ASSIGNED, IS_FIXED, COURSE_ID, ROOM_TABLE_ID, TIME_TABLE_ID, TIMING_ID) VALUES (-201, 45, TRUE, FALSE, '703098', -56, -3, -53)
INSERT INTO COURSE_SESSION(ID, DURATION, IS_ASSIGNED, IS_FIXED, COURSE_ID, ROOM_TABLE_ID, TIME_TABLE_ID, TIMING_ID) VALUES (-202, 120, TRUE, FALSE, '703099', -40, -3, -54)
INSERT INTO COURSE_SESSION(ID, DURATION, IS_ASSIGNED, IS_FIXED, COURSE_ID, ROOM_TABLE_ID, TIME_TABLE_ID, TIMING_ID) VALUES (-203, 90, TRUE, FALSE, '703016', -48, -3, -55)
INSERT INTO COURSE_SESSION(ID, DURATION, IS_ASSIGNED, IS_FIXED, COURSE_ID, ROOM_TABLE_ID, TIME_TABLE_ID, TIMING_ID) VALUES (-204, 90, TRUE, FALSE, '703016', -44, -3, -56)
INSERT INTO COURSE_SESSION(ID, DURATION, IS_ASSIGNED, IS_FIXED, COURSE_ID, ROOM_TABLE_ID, TIME_TABLE_ID, TIMING_ID) VALUES (-205, 90, TRUE, FALSE, '703016', -50, -3, -57)
INSERT INTO COURSE_SESSION(ID, DURATION, IS_ASSIGNED, IS_FIXED, COURSE_ID, ROOM_TABLE_ID, TIME_TABLE_ID, TIMING_ID) VALUES (-206, 180, TRUE, FALSE, '703017', -39, -3, -58)
INSERT INTO COURSE_SESSION(ID, DURATION, IS_ASSIGNED, IS_FIXED, COURSE_ID, ROOM_TABLE_ID, TIME_TABLE_ID, TIMING_ID) VALUES (-207, 90, TRUE, FALSE, '703066', -51, -3, -59)
INSERT INTO COURSE_SESSION(ID, DURATION, IS_ASSIGNED, IS_FIXED, COURSE_ID, ROOM_TABLE_ID, TIME_TABLE_ID, TIMING_ID) VALUES (-208, 90, TRUE, FALSE, '703066', -61, -3, -60)
INSERT INTO COURSE_SESSION(ID, DURATION, IS_ASSIGNED, IS_FIXED, COURSE_ID, ROOM_TABLE_ID, TIME_TABLE_ID, TIMING_ID) VALUES (-209, 90, TRUE, FALSE, '703066', -53, -3, -61)
INSERT INTO COURSE_SESSION(ID, DURATION, IS_ASSIGNED, IS_FIXED, COURSE_ID, ROOM_TABLE_ID, TIME_TABLE_ID, TIMING_ID) VALUES (-210, 90, TRUE, FALSE, '703066', -51, -3, -62)
INSERT INTO COURSE_SESSION(ID, DURATION, IS_ASSIGNED, IS_FIXED, COURSE_ID, ROOM_TABLE_ID, TIME_TABLE_ID, TIMING_ID) VALUES (-211, 90, TRUE, FALSE, '703066', -55, -3, -63)
INSERT INTO COURSE_SESSION(ID, DURATION, IS_ASSIGNED, IS_FIXED, COURSE_ID, ROOM_TABLE_ID, TIME_TABLE_ID, TIMING_ID) VALUES (-212, 90, TRUE, FALSE, '703066', -56, -3, -64)
INSERT INTO COURSE_SESSION(ID, DURATION, IS_ASSIGNED, IS_FIXED, COURSE_ID, ROOM_TABLE_ID, TIME_TABLE_ID, TIMING_ID) VALUES (-213, 90, TRUE, FALSE, '703066', -51, -3, -65)
INSERT INTO COURSE_SESSION(ID, DURATION, IS_ASSIGNED, IS_FIXED, COURSE_ID, ROOM_TABLE_ID, TIME_TABLE_ID, TIMING_ID) VALUES (-214, 90, TRUE, FALSE, '703066', -52, -3, -66)
INSERT INTO COURSE_SESSION(ID, DURATION, IS_ASSIGNED, IS_FIXED, COURSE_ID, ROOM_TABLE_ID, TIME_TABLE_ID, TIMING_ID) VALUES (-215, 180, TRUE, FALSE, '703065', -40, -3, -67)
INSERT INTO COURSE_SESSION(ID, DURATION, IS_ASSIGNED, IS_FIXED, COURSE_ID, ROOM_TABLE_ID, TIME_TABLE_ID, TIMING_ID) VALUES (-216, 90, TRUE, FALSE, '703011', -52, -3, -68)
INSERT INTO COURSE_SESSION(ID, DURATION, IS_ASSIGNED, IS_FIXED, COURSE_ID, ROOM_TABLE_ID, TIME_TABLE_ID, TIMING_ID) VALUES (-217, 90, TRUE, FALSE, '703011', -61, -3, -69)
INSERT INTO COURSE_SESSION(ID, DURATION, IS_ASSIGNED, IS_FIXED, COURSE_ID, ROOM_TABLE_ID, TIME_TABLE_ID, TIMING_ID) VALUES (-218, 90, TRUE, FALSE, '703011', -52, -3, -70)
INSERT INTO COURSE_SESSION(ID, DURATION, IS_ASSIGNED, IS_FIXED, COURSE_ID, ROOM_TABLE_ID, TIME_TABLE_ID, TIMING_ID) VALUES (-219, 90, TRUE, FALSE, '703011', -53, -3, -71)
INSERT INTO COURSE_SESSION(ID, DURATION, IS_ASSIGNED, IS_FIXED, COURSE_ID, ROOM_TABLE_ID, TIME_TABLE_ID, TIMING_ID) VALUES (-220, 90, TRUE, FALSE, '703011', -51, -3, -72)
INSERT INTO COURSE_SESSION(ID, DURATION, IS_ASSIGNED, IS_FIXED, COURSE_ID, ROOM_TABLE_ID, TIME_TABLE_ID, TIMING_ID) VALUES (-221, 90, TRUE, FALSE, '703011', -61, -3, -73)
INSERT INTO COURSE_SESSION(ID, DURATION, IS_ASSIGNED, IS_FIXED, COURSE_ID, ROOM_TABLE_ID, TIME_TABLE_ID, TIMING_ID) VALUES (-222, 90, TRUE, FALSE, '703011', -58, -3, -74)
INSERT INTO COURSE_SESSION(ID, DURATION, IS_ASSIGNED, IS_FIXED, COURSE_ID, ROOM_TABLE_ID, TIME_TABLE_ID, TIMING_ID) VALUES (-223, 180, TRUE, FALSE, '703010', -40, -3, -75)
INSERT INTO COURSE_SESSION(ID, DURATION, IS_ASSIGNED, IS_FIXED, COURSE_ID, ROOM_TABLE_ID, TIME_TABLE_ID, TIMING_ID) VALUES (-224, 90, TRUE, FALSE, '703012', -48, -3, -76)
INSERT INTO COURSE_SESSION(ID, DURATION, IS_ASSIGNED, IS_FIXED, COURSE_ID, ROOM_TABLE_ID, TIME_TABLE_ID, TIMING_ID) VALUES (-225, 90, TRUE, FALSE, '703012', -49, -3, -77)
INSERT INTO COURSE_SESSION(ID, DURATION, IS_ASSIGNED, IS_FIXED, COURSE_ID, ROOM_TABLE_ID, TIME_TABLE_ID, TIMING_ID) VALUES (-226, 90, TRUE, FALSE, '703012', -47, -3, -78)
INSERT INTO COURSE_SESSION(ID, DURATION, IS_ASSIGNED, IS_FIXED, COURSE_ID, ROOM_TABLE_ID, TIME_TABLE_ID, TIMING_ID) VALUES (-227, 90, TRUE, FALSE, '703012', -49, -3, -79)
INSERT INTO COURSE_SESSION(ID, DURATION, IS_ASSIGNED, IS_FIXED, COURSE_ID, ROOM_TABLE_ID, TIME_TABLE_ID, TIMING_ID) VALUES (-228, 90, TRUE, FALSE, '703012', -46, -3, -80)
INSERT INTO COURSE_SESSION(ID, DURATION, IS_ASSIGNED, IS_FIXED, COURSE_ID, ROOM_TABLE_ID, TIME_TABLE_ID, TIMING_ID) VALUES (-229, 90, TRUE, FALSE, '703012', -42, -3, -81)
INSERT INTO COURSE_SESSION(ID, DURATION, IS_ASSIGNED, IS_FIXED, COURSE_ID, ROOM_TABLE_ID, TIME_TABLE_ID, TIMING_ID) VALUES (-230, 180, TRUE, FALSE, '703013', -37, -3, -82)
INSERT INTO COURSE_SESSION(ID, DURATION, IS_ASSIGNED, IS_FIXED, COURSE_ID, ROOM_TABLE_ID, TIME_TABLE_ID, TIMING_ID) VALUES (-231, 180, TRUE, FALSE, '703020', -37, -3, -83)
INSERT INTO COURSE_SESSION(ID, DURATION, IS_ASSIGNED, IS_FIXED, COURSE_ID, ROOM_TABLE_ID, TIME_TABLE_ID, TIMING_ID) VALUES (-232, 90, TRUE, FALSE, '703021', -42, -3, -84)
INSERT INTO COURSE_SESSION(ID, DURATION, IS_ASSIGNED, IS_FIXED, COURSE_ID, ROOM_TABLE_ID, TIME_TABLE_ID, TIMING_ID) VALUES (-233, 90, TRUE, FALSE, '703021', -49, -3, -85)
INSERT INTO COURSE_SESSION(ID, DURATION, IS_ASSIGNED, IS_FIXED, COURSE_ID, ROOM_TABLE_ID, TIME_TABLE_ID, TIMING_ID) VALUES (-234, 90, TRUE, FALSE, '703021', -42, -3, -86)
INSERT INTO COURSE_SESSION(ID, DURATION, IS_ASSIGNED, IS_FIXED, COURSE_ID, ROOM_TABLE_ID, TIME_TABLE_ID, TIMING_ID) VALUES (-235, 90, TRUE, FALSE, '703021', -46, -3, -87)
INSERT INTO COURSE_SESSION(ID, DURATION, IS_ASSIGNED, IS_FIXED, COURSE_ID, ROOM_TABLE_ID, TIME_TABLE_ID, TIMING_ID) VALUES (-236, 180, TRUE, FALSE, '703033', -41, -3, -88)
INSERT INTO COURSE_SESSION(ID, DURATION, IS_ASSIGNED, IS_FIXED, COURSE_ID, ROOM_TABLE_ID, TIME_TABLE_ID, TIMING_ID) VALUES (-237, 90, TRUE, FALSE, '703034', -50, -3, -89)
INSERT INTO COURSE_SESSION(ID, DURATION, IS_ASSIGNED, IS_FIXED, COURSE_ID, ROOM_TABLE_ID, TIME_TABLE_ID, TIMING_ID) VALUES (-238, 90, TRUE, FALSE, '703034', -45, -3, -90)
INSERT INTO COURSE_SESSION(ID, DURATION, IS_ASSIGNED, IS_FIXED, COURSE_ID, ROOM_TABLE_ID, TIME_TABLE_ID, TIMING_ID) VALUES (-239, 90, TRUE, FALSE, '703034', -44, -3, -91)
INSERT INTO COURSE_SESSION(ID, DURATION, IS_ASSIGNED, IS_FIXED, COURSE_ID, ROOM_TABLE_ID, TIME_TABLE_ID, TIMING_ID) VALUES (-240, 90, TRUE, FALSE, '703034', -49, -3, -92)
INSERT INTO COURSE_SESSION(ID, DURATION, IS_ASSIGNED, IS_FIXED, COURSE_ID, ROOM_TABLE_ID, TIME_TABLE_ID, TIMING_ID) VALUES (-241, 120, TRUE, FALSE, '703067', -41, -3, -93)
INSERT INTO COURSE_SESSION(ID, DURATION, IS_ASSIGNED, IS_FIXED, COURSE_ID, ROOM_TABLE_ID, TIME_TABLE_ID, TIMING_ID) VALUES (-242, 45, TRUE, FALSE, '703068', -48, -3, -94)
INSERT INTO COURSE_SESSION(ID, DURATION, IS_ASSIGNED, IS_FIXED, COURSE_ID, ROOM_TABLE_ID, TIME_TABLE_ID, TIMING_ID) VALUES (-243, 45, TRUE, FALSE, '703068', -48, -3, -95)
INSERT INTO COURSE_SESSION(ID, DURATION, IS_ASSIGNED, IS_FIXED, COURSE_ID, ROOM_TABLE_ID, TIME_TABLE_ID, TIMING_ID) VALUES (-244, 45, TRUE, FALSE, '703068', -43, -3, -96)
INSERT INTO COURSE_SESSION(ID, DURATION, IS_ASSIGNED, IS_FIXED, COURSE_ID, ROOM_TABLE_ID, TIME_TABLE_ID, TIMING_ID) VALUES (-245, 45, TRUE, FALSE, '703068', -46, -3, -97)
INSERT INTO COURSE_SESSION(ID, DURATION, IS_ASSIGNED, IS_FIXED, COURSE_ID, ROOM_TABLE_ID, TIME_TABLE_ID, TIMING_ID) VALUES (-246, 45, TRUE, FALSE, '703068', -50, -3, -98)
INSERT INTO COURSE_SESSION(ID, DURATION, IS_ASSIGNED, IS_FIXED, COURSE_ID, ROOM_TABLE_ID, TIME_TABLE_ID, TIMING_ID) VALUES (-247, 120, TRUE, FALSE, '703069', -36, -3, -99)
INSERT INTO COURSE_SESSION(ID, DURATION, IS_ASSIGNED, IS_FIXED, COURSE_ID, ROOM_TABLE_ID, TIME_TABLE_ID, TIMING_ID) VALUES (-248, 45, TRUE, FALSE, '703070', -57, -3, -100)
INSERT INTO COURSE_SESSION(ID, DURATION, IS_ASSIGNED, IS_FIXED, COURSE_ID, ROOM_TABLE_ID, TIME_TABLE_ID, TIMING_ID) VALUES (-249, 45, TRUE, FALSE, '703070', -51, -3, -101)
INSERT INTO COURSE_SESSION(ID, DURATION, IS_ASSIGNED, IS_FIXED, COURSE_ID, ROOM_TABLE_ID, TIME_TABLE_ID, TIMING_ID) VALUES (-250, 45, TRUE, FALSE, '703070', -52, -3, -102)
INSERT INTO COURSE_SESSION(ID, DURATION, IS_ASSIGNED, IS_FIXED, COURSE_ID, ROOM_TABLE_ID, TIME_TABLE_ID, TIMING_ID) VALUES (-251, 45, TRUE, FALSE, '703070', -61, -3, -103)
INSERT INTO COURSE_SESSION(ID, DURATION, IS_ASSIGNED, IS_FIXED, COURSE_ID, ROOM_TABLE_ID, TIME_TABLE_ID, TIMING_ID) VALUES (-252, 45, TRUE, FALSE, '703070', -52, -3, -104)
INSERT INTO COURSE_SESSION(ID, DURATION, IS_ASSIGNED, IS_FIXED, COURSE_ID, ROOM_TABLE_ID, TIME_TABLE_ID, TIMING_ID) VALUES (-253, 45, TRUE, FALSE, '703070', -51, -3, -105)
INSERT INTO COURSE_SESSION(ID, DURATION, IS_ASSIGNED, IS_FIXED, COURSE_ID, ROOM_TABLE_ID, TIME_TABLE_ID, TIMING_ID) VALUES (-254, 180, TRUE, FALSE, '703071', -38, -3, -106)
INSERT INTO COURSE_SESSION(ID, DURATION, IS_ASSIGNED, IS_FIXED, COURSE_ID, ROOM_TABLE_ID, TIME_TABLE_ID, TIMING_ID) VALUES (-255, 90, TRUE, FALSE, '703072', -49, -3, -107)
INSERT INTO COURSE_SESSION(ID, DURATION, IS_ASSIGNED, IS_FIXED, COURSE_ID, ROOM_TABLE_ID, TIME_TABLE_ID, TIMING_ID) VALUES (-256, 90, TRUE, FALSE, '703072', -49, -3, -108)
INSERT INTO COURSE_SESSION(ID, DURATION, IS_ASSIGNED, IS_FIXED, COURSE_ID, ROOM_TABLE_ID, TIME_TABLE_ID, TIMING_ID) VALUES (-257, 90, TRUE, FALSE, '703072', -44, -3, -109)
INSERT INTO COURSE_SESSION(ID, DURATION, IS_ASSIGNED, IS_FIXED, COURSE_ID, ROOM_TABLE_ID, TIME_TABLE_ID, TIMING_ID) VALUES (-258, 90, TRUE, FALSE, '703072', -42, -3, -110)
INSERT INTO COURSE_SESSION(ID, DURATION, IS_ASSIGNED, IS_FIXED, COURSE_ID, ROOM_TABLE_ID, TIME_TABLE_ID, TIMING_ID) VALUES (-259, 90, TRUE, FALSE, '703072', -50, -3, -111)
INSERT INTO COURSE_SESSION(ID, DURATION, IS_ASSIGNED, IS_FIXED, COURSE_ID, ROOM_TABLE_ID, TIME_TABLE_ID, TIMING_ID) VALUES (-260, 90, TRUE, FALSE, '703072', -43, -3, -112)
INSERT INTO COURSE_SESSION(ID, DURATION, IS_ASSIGNED, IS_FIXED, COURSE_ID, ROOM_TABLE_ID, TIME_TABLE_ID, TIMING_ID) VALUES (-261, 180, TRUE, FALSE, '703026', -36, -3, -113)
INSERT INTO COURSE_SESSION(ID, DURATION, IS_ASSIGNED, IS_FIXED, COURSE_ID, ROOM_TABLE_ID, TIME_TABLE_ID, TIMING_ID) VALUES (-262, 90, TRUE, FALSE, '703027', -61, -3, -114)
INSERT INTO COURSE_SESSION(ID, DURATION, IS_ASSIGNED, IS_FIXED, COURSE_ID, ROOM_TABLE_ID, TIME_TABLE_ID, TIMING_ID) VALUES (-263, 90, TRUE, FALSE, '703027', -60, -3, -115)
INSERT INTO COURSE_SESSION(ID, DURATION, IS_ASSIGNED, IS_FIXED, COURSE_ID, ROOM_TABLE_ID, TIME_TABLE_ID, TIMING_ID) VALUES (-264, 90, TRUE, FALSE, '703027', -59, -3, -116)
INSERT INTO COURSE_SESSION(ID, DURATION, IS_ASSIGNED, IS_FIXED, COURSE_ID, ROOM_TABLE_ID, TIME_TABLE_ID, TIMING_ID) VALUES (-265, 90, TRUE, FALSE, '703027', -59, -3, -117)
INSERT INTO COURSE_SESSION(ID, DURATION, IS_ASSIGNED, IS_FIXED, COURSE_ID, ROOM_TABLE_ID, TIME_TABLE_ID, TIMING_ID) VALUES (-266, 180, TRUE, FALSE, '703075', -39, -3, -118)
INSERT INTO COURSE_SESSION(ID, DURATION, IS_ASSIGNED, IS_FIXED, COURSE_ID, ROOM_TABLE_ID, TIME_TABLE_ID, TIMING_ID) VALUES (-267, 90, TRUE, FALSE, '703076', -42, -3, -119)
INSERT INTO COURSE_SESSION(ID, DURATION, IS_ASSIGNED, IS_FIXED, COURSE_ID, ROOM_TABLE_ID, TIME_TABLE_ID, TIMING_ID) VALUES (-268, 90, TRUE, FALSE, '703076', -49, -3, -120)
INSERT INTO COURSE_SESSION(ID, DURATION, IS_ASSIGNED, IS_FIXED, COURSE_ID, ROOM_TABLE_ID, TIME_TABLE_ID, TIMING_ID) VALUES (-269, 90, TRUE, FALSE, '703076', -44, -3, -121)
INSERT INTO COURSE_SESSION(ID, DURATION, IS_ASSIGNED, IS_FIXED, COURSE_ID, ROOM_TABLE_ID, TIME_TABLE_ID, TIMING_ID) VALUES (-270, 120, TRUE, FALSE, '703077', -39, -3, -122)
INSERT INTO COURSE_SESSION(ID, DURATION, IS_ASSIGNED, IS_FIXED, COURSE_ID, ROOM_TABLE_ID, TIME_TABLE_ID, TIMING_ID) VALUES (-271, 45, TRUE, FALSE, '703078', -44, -3, -123)
INSERT INTO COURSE_SESSION(ID, DURATION, IS_ASSIGNED, IS_FIXED, COURSE_ID, ROOM_TABLE_ID, TIME_TABLE_ID, TIMING_ID) VALUES (-272, 45, TRUE, FALSE, '703078', -43, -3, -124)
INSERT INTO COURSE_SESSION(ID, DURATION, IS_ASSIGNED, IS_FIXED, COURSE_ID, ROOM_TABLE_ID, TIME_TABLE_ID, TIMING_ID) VALUES (-273, 45, TRUE, FALSE, '703078', -42, -3, -125)
INSERT INTO COURSE_SESSION(ID, DURATION, IS_ASSIGNED, IS_FIXED, COURSE_ID, ROOM_TABLE_ID, TIME_TABLE_ID, TIMING_ID) VALUES (-274, 120, TRUE, FALSE, '703079', -36, -3, -126)
INSERT INTO COURSE_SESSION(ID, DURATION, IS_ASSIGNED, IS_FIXED, COURSE_ID, ROOM_TABLE_ID, TIME_TABLE_ID, TIMING_ID) VALUES (-275, 90, TRUE, FALSE, '703080', -48, -3, -127)
INSERT INTO COURSE_SESSION(ID, DURATION, IS_ASSIGNED, IS_FIXED, COURSE_ID, ROOM_TABLE_ID, TIME_TABLE_ID, TIMING_ID) VALUES (-276, 90, TRUE, FALSE, '703080', -42, -3, -128)
INSERT INTO COURSE_SESSION(ID, DURATION, IS_ASSIGNED, IS_FIXED, COURSE_ID, ROOM_TABLE_ID, TIME_TABLE_ID, TIMING_ID) VALUES (-277, 90, TRUE, FALSE, '703080', -46, -3, -129)
INSERT INTO COURSE_SESSION(ID, DURATION, IS_ASSIGNED, IS_FIXED, COURSE_ID, ROOM_TABLE_ID, TIME_TABLE_ID, TIMING_ID) VALUES (-278, 90, TRUE, FALSE, '703080', -42, -3, -130)
INSERT INTO COURSE_SESSION(ID, DURATION, IS_ASSIGNED, IS_FIXED, COURSE_ID, ROOM_TABLE_ID, TIME_TABLE_ID, TIMING_ID) VALUES (-279, 90, TRUE, FALSE, '703080', -45, -3, -131)
INSERT INTO COURSE_SESSION(ID, DURATION, IS_ASSIGNED, IS_FIXED, COURSE_ID, ROOM_TABLE_ID, TIME_TABLE_ID, TIMING_ID) VALUES (-280, 90, TRUE, FALSE, '703080', -42, -3, -132)
INSERT INTO COURSE_SESSION(ID, DURATION, IS_ASSIGNED, IS_FIXED, COURSE_ID, ROOM_TABLE_ID, TIME_TABLE_ID, TIMING_ID) VALUES (-281, 90, TRUE, FALSE, '703080', -49, -3, -133)
INSERT INTO COURSE_SESSION(ID, DURATION, IS_ASSIGNED, IS_FIXED, COURSE_ID, ROOM_TABLE_ID, TIME_TABLE_ID, TIMING_ID) VALUES (-282, 90, TRUE, FALSE, '703080', -45, -3, -134)
INSERT INTO COURSE_SESSION(ID, DURATION, IS_ASSIGNED, IS_FIXED, COURSE_ID, ROOM_TABLE_ID, TIME_TABLE_ID, TIMING_ID) VALUES (-283, 90, TRUE, FALSE, '703073', -49, -3, -135)
INSERT INTO COURSE_SESSION(ID, DURATION, IS_ASSIGNED, IS_FIXED, COURSE_ID, ROOM_TABLE_ID, TIME_TABLE_ID, TIMING_ID) VALUES (-284, 180, TRUE, FALSE, '703087', -37, -3, -136)
INSERT INTO COURSE_SESSION(ID, DURATION, IS_ASSIGNED, IS_FIXED, COURSE_ID, ROOM_TABLE_ID, TIME_TABLE_ID, TIMING_ID) VALUES (-285, 90, TRUE, FALSE, '703088', -50, -3, -137)
INSERT INTO COURSE_SESSION(ID, DURATION, IS_ASSIGNED, IS_FIXED, COURSE_ID, ROOM_TABLE_ID, TIME_TABLE_ID, TIMING_ID) VALUES (-286, 90, TRUE, FALSE, '703088', -42, -3, -138)
INSERT INTO COURSE_SESSION(ID, DURATION, IS_ASSIGNED, IS_FIXED, COURSE_ID, ROOM_TABLE_ID, TIME_TABLE_ID, TIMING_ID) VALUES (-287, 90, TRUE, FALSE, '703088', -48, -3, -139)
INSERT INTO COURSE_SESSION(ID, DURATION, IS_ASSIGNED, IS_FIXED, COURSE_ID, ROOM_TABLE_ID, TIME_TABLE_ID, TIMING_ID) VALUES (-288, 90, TRUE, FALSE, '703088', -47, -3, -140)
INSERT INTO COURSE_SESSION(ID, DURATION, IS_ASSIGNED, IS_FIXED, COURSE_ID, ROOM_TABLE_ID, TIME_TABLE_ID, TIMING_ID) VALUES (-289, 90, TRUE, FALSE, '703088', -42, -3, -141)
INSERT INTO COURSE_SESSION(ID, DURATION, IS_ASSIGNED, IS_FIXED, COURSE_ID, ROOM_TABLE_ID, TIME_TABLE_ID, TIMING_ID) VALUES (-290, 90, TRUE, FALSE, '703088', -47, -3, -142)
INSERT INTO COURSE_SESSION(ID, DURATION, IS_ASSIGNED, IS_FIXED, COURSE_ID, ROOM_TABLE_ID, TIME_TABLE_ID, TIMING_ID) VALUES (-291, 90, TRUE, FALSE, '703088', -45, -3, -143)
INSERT INTO COURSE_SESSION(ID, DURATION, IS_ASSIGNED, IS_FIXED, COURSE_ID, ROOM_TABLE_ID, TIME_TABLE_ID, TIMING_ID) VALUES (-292, 180, TRUE, FALSE, '703089', -38, -3, -144)
INSERT INTO COURSE_SESSION(ID, DURATION, IS_ASSIGNED, IS_FIXED, COURSE_ID, ROOM_TABLE_ID, TIME_TABLE_ID, TIMING_ID) VALUES (-293, 90, TRUE, FALSE, '703090', -47, -3, -145)
INSERT INTO COURSE_SESSION(ID, DURATION, IS_ASSIGNED, IS_FIXED, COURSE_ID, ROOM_TABLE_ID, TIME_TABLE_ID, TIMING_ID) VALUES (-294, 90, TRUE, FALSE, '703090', -47, -3, -146)
INSERT INTO COURSE_SESSION(ID, DURATION, IS_ASSIGNED, IS_FIXED, COURSE_ID, ROOM_TABLE_ID, TIME_TABLE_ID, TIMING_ID) VALUES (-295, 90, TRUE, FALSE, '703090', -46, -3, -147)
INSERT INTO COURSE_SESSION(ID, DURATION, IS_ASSIGNED, IS_FIXED, COURSE_ID, ROOM_TABLE_ID, TIME_TABLE_ID, TIMING_ID) VALUES (-296, 90, TRUE, FALSE, '703090', -50, -3, -148)
INSERT INTO COURSE_SESSION(ID, DURATION, IS_ASSIGNED, IS_FIXED, COURSE_ID, ROOM_TABLE_ID, TIME_TABLE_ID, TIMING_ID) VALUES (-297, 180, TRUE, FALSE, '703135', -53, -3, -149)
INSERT INTO COURSE_SESSION(ID, DURATION, IS_ASSIGNED, IS_FIXED, COURSE_ID, ROOM_TABLE_ID, TIME_TABLE_ID, TIMING_ID) VALUES (-298, 180, TRUE, FALSE, '703141', -51, -3, -150)
INSERT INTO COURSE_SESSION(ID, DURATION, IS_ASSIGNED, IS_FIXED, COURSE_ID, ROOM_TABLE_ID, TIME_TABLE_ID, TIMING_ID) VALUES (-299, 180, TRUE, FALSE, '703134', -50, -3, -151)
INSERT INTO COURSE_SESSION(ID, DURATION, IS_ASSIGNED, IS_FIXED, COURSE_ID, ROOM_TABLE_ID, TIME_TABLE_ID, TIMING_ID) VALUES (-300, 180, TRUE, FALSE, '703136', -61, -3, -152)
INSERT INTO COURSE_SESSION(ID, DURATION, IS_ASSIGNED, IS_FIXED, COURSE_ID, ROOM_TABLE_ID, TIME_TABLE_ID, TIMING_ID) VALUES (-301, 90, TRUE, FALSE, '703042', -38, -3, -153)
INSERT INTO COURSE_SESSION(ID, DURATION, IS_ASSIGNED, IS_FIXED, COURSE_ID, ROOM_TABLE_ID, TIME_TABLE_ID, TIMING_ID) VALUES (-302, 90, TRUE, FALSE, '703081', -54, -3, -154)
INSERT INTO COURSE_SESSION(ID, DURATION, IS_ASSIGNED, IS_FIXED, COURSE_ID, ROOM_TABLE_ID, TIME_TABLE_ID, TIMING_ID) VALUES (-303, 180, TRUE, FALSE, '703082', -56, -3, -155)
INSERT INTO COURSE_SESSION(ID, DURATION, IS_ASSIGNED, IS_FIXED, COURSE_ID, ROOM_TABLE_ID, TIME_TABLE_ID, TIMING_ID) VALUES (-304, 180, TRUE, FALSE, '703133', -53, -3, -156)
INSERT INTO COURSE_SESSION(ID, DURATION, IS_ASSIGNED, IS_FIXED, COURSE_ID, ROOM_TABLE_ID, TIME_TABLE_ID, TIMING_ID) VALUES (-305, 180, TRUE, FALSE, '703146', -43, -3, -157)
INSERT INTO COURSE_SESSION(ID, DURATION, IS_ASSIGNED, IS_FIXED, COURSE_ID, ROOM_TABLE_ID, TIME_TABLE_ID, TIMING_ID) VALUES (-306, 180, TRUE, FALSE, '703083', -35, -3, -158)
INSERT INTO COURSE_SESSION(ID, DURATION, IS_ASSIGNED, IS_FIXED, COURSE_ID, ROOM_TABLE_ID, TIME_TABLE_ID, TIMING_ID) VALUES (-307, 90, TRUE, FALSE, '703084', -56, -3, -159)
INSERT INTO COURSE_SESSION(ID, DURATION, IS_ASSIGNED, IS_FIXED, COURSE_ID, ROOM_TABLE_ID, TIME_TABLE_ID, TIMING_ID) VALUES (-308, 90, TRUE, FALSE, '703084', -52, -3, -160)
INSERT INTO COURSE_SESSION(ID, DURATION, IS_ASSIGNED, IS_FIXED, COURSE_ID, ROOM_TABLE_ID, TIME_TABLE_ID, TIMING_ID) VALUES (-309, 90, TRUE, FALSE, '703084', -57, -3, -161)
INSERT INTO COURSE_SESSION(ID, DURATION, IS_ASSIGNED, IS_FIXED, COURSE_ID, ROOM_TABLE_ID, TIME_TABLE_ID, TIMING_ID) VALUES (-310, 90, TRUE, FALSE, '703084', -54, -3, -162)
INSERT INTO COURSE_SESSION(ID, DURATION, IS_ASSIGNED, IS_FIXED, COURSE_ID, ROOM_TABLE_ID, TIME_TABLE_ID, TIMING_ID) VALUES (-311, 90, TRUE, FALSE, '703084', -52, -3, -163)
INSERT INTO COURSE_SESSION(ID, DURATION, IS_ASSIGNED, IS_FIXED, COURSE_ID, ROOM_TABLE_ID, TIME_TABLE_ID, TIMING_ID) VALUES (-312, 90, TRUE, FALSE, '703084', -61, -3, -164)
INSERT INTO COURSE_SESSION(ID, DURATION, IS_ASSIGNED, IS_FIXED, COURSE_ID, ROOM_TABLE_ID, TIME_TABLE_ID, TIMING_ID) VALUES (-313, 90, TRUE, FALSE, '703084', -56, -3, -165)
INSERT INTO COURSE_SESSION(ID, DURATION, IS_ASSIGNED, IS_FIXED, COURSE_ID, ROOM_TABLE_ID, TIME_TABLE_ID, TIMING_ID) VALUES (-314, 180, TRUE, FALSE, '703085', -38, -3, -166)
INSERT INTO COURSE_SESSION(ID, DURATION, IS_ASSIGNED, IS_FIXED, COURSE_ID, ROOM_TABLE_ID, TIME_TABLE_ID, TIMING_ID) VALUES (-315, 90, TRUE, FALSE, '703086', -53, -3, -167)
INSERT INTO COURSE_SESSION(ID, DURATION, IS_ASSIGNED, IS_FIXED, COURSE_ID, ROOM_TABLE_ID, TIME_TABLE_ID, TIMING_ID) VALUES (-316, 90, TRUE, FALSE, '703086', -56, -3, -168)
INSERT INTO COURSE_SESSION(ID, DURATION, IS_ASSIGNED, IS_FIXED, COURSE_ID, ROOM_TABLE_ID, TIME_TABLE_ID, TIMING_ID) VALUES (-317, 90, TRUE, FALSE, '703086', -53, -3, -169)
INSERT INTO COURSE_SESSION(ID, DURATION, IS_ASSIGNED, IS_FIXED, COURSE_ID, ROOM_TABLE_ID, TIME_TABLE_ID, TIMING_ID) VALUES (-318, 90, TRUE, FALSE, '703086', -59, -3, -170)
INSERT INTO COURSE_SESSION(ID, DURATION, IS_ASSIGNED, IS_FIXED, COURSE_ID, ROOM_TABLE_ID, TIME_TABLE_ID, TIMING_ID) VALUES (-319, 120, TRUE, FALSE, '702631', -35, -3, -171)
INSERT INTO COURSE_SESSION(ID, DURATION, IS_ASSIGNED, IS_FIXED, COURSE_ID, ROOM_TABLE_ID, TIME_TABLE_ID, TIMING_ID) VALUES (-320, 45, TRUE, FALSE, '702632', -58, -3, -172)
INSERT INTO COURSE_SESSION(ID, DURATION, IS_ASSIGNED, IS_FIXED, COURSE_ID, ROOM_TABLE_ID, TIME_TABLE_ID, TIMING_ID) VALUES (-321, 45, TRUE, FALSE, '702632', -53, -3, -173)
INSERT INTO COURSE_SESSION(ID, DURATION, IS_ASSIGNED, IS_FIXED, COURSE_ID, ROOM_TABLE_ID, TIME_TABLE_ID, TIMING_ID) VALUES (-322, 45, TRUE, FALSE, '702632', -59, -3, -174)